fecha;hora;categoria de producto;temperatura del barril;presion;velocidad del tornillo;tiempo del ciclo;mezcla;T1;T2;P1;P2;V1;V2;TC1;TC2;CARACTERISTICAS;ESTADO
01/04/2026;7:00:00;C1;247;225;108;3;1;1;1;1;0;1;1;0;1;6;1
01/04/2026;7:00:30;C1;176;189;206;7;2;1;1;1;1;1;0;1;1;7;1
01/04/2026;7:01:00;C1;166;80;149;15;3;1;1;1;1;1;1;1;1;8;1
01/04/2026;7:01:30;C1;124;96;78;25;2;0;1;1;1;1;1;1;1;7;1
01/04/2026;7:02:00;C1;191;260;150;50;1;1;1;1;0;1;1;1;1;7;1
01/04/2026;7:02:30;C1;147;276;25;8;3;0;1;1;0;0;1;1;1;5;0
01/04/2026;7:03:00;C1;289;241;222;66;2;1;1;1;0;1;0;1;0;5;0
01/04/2026;7:03:30;C1;239;52;285;7;1;1;1;1;1;1;0;1;1;7;1
01/04/2026;7:04:00;C1;347;207;178;56;3;1;0;1;0;1;1;1;1;6;1
01/04/2026;7:04:30;C1;373;83;110;16;1;1;0;1;1;1;1;1;1;7;1
01/04/2026;7:05:00;C1;188;213;59;14;1;1;1;1;0;1;1;1;1;7;1
01/04/2026;7:05:30;C1;387;218;61;54;1;1;0;1;0;1;1;1;1;6;1
01/04/2026;7:06:00;C1;171;211;287;15;3;1;1;1;0;1;0;1;1;6;1
01/04/2026;7:06:30;C1;153;259;65;60;3;0;1;1;0;1;1;1;1;6;1
01/04/2026;7:07:00;C1;328;134;220;12;1;1;0;1;1;1;0;1;1;6;1
01/04/2026;7:07:30;C1;313;127;276;44;2;1;1;1;1;1;0;1;1;7;1
01/04/2026;7:08:00;C1;373;107;125;60;1;1;0;1;1;1;1;1;1;7;1
01/04/2026;7:08:30;C1;185;146;157;65;2;1;1;1;1;1;1;1;0;7;1
01/04/2026;7:09:00;C1;197;264;273;69;3;1;1;1;0;1;0;1;0;5;0
01/04/2026;7:09:30;C1;304;132;23;21;1;1;1;1;1;0;1;1;1;7;1
01/04/2026;7:10:00;C1;315;158;282;69;3;1;1;1;1;1;0;1;0;6;1
01/04/2026;7:10:30;C1;286;121;284;52;2;1;1;1;1;1;0;1;1;7;1
01/04/2026;7:11:00;C1;319;237;55;63;2;1;1;1;0;1;1;1;0;6;1
01/04/2026;7:11:30;C1;310;62;51;64;2;1;1;1;1;1;1;1;0;7;1
01/04/2026;7:12:00;C1;233;226;226;60;2;1;1;1;0;1;0;1;1;6;1
01/04/2026;7:12:30;C1;154;50;198;24;2;0;1;1;1;1;1;1;1;7;1
01/04/2026;7:13:00;C1;277;116;139;26;2;1;1;1;1;1;1;1;1;8;1
01/04/2026;7:13:30;C1;148;113;185;66;2;0;1;1;1;1;1;1;0;6;1
01/04/2026;7:14:00;C1;261;253;54;5;3;1;1;1;0;1;1;1;1;7;1
01/04/2026;7:14:30;C1;371;93;265;61;3;1;0;1;1;1;0;1;0;5;0
01/04/2026;7:15:00;C1;384;160;21;17;2;1;0;1;1;0;1;1;1;6;1
01/04/2026;7:15:30;C1;268;236;280;24;1;1;1;1;0;1;0;1;1;6;1
01/04/2026;7:16:00;C1;221;181;223;30;2;1;1;1;1;1;0;1;1;7;1
01/04/2026;7:16:30;C1;393;241;185;68;1;1;0;1;0;1;1;1;0;5;0
01/04/2026;7:17:00;C1;297;277;129;40;2;1;1;1;0;1;1;1;1;7;1
01/04/2026;7:17:30;C1;163;184;235;51;3;1;1;1;1;1;0;1;1;7;1
01/04/2026;7:18:00;C1;352;112;168;52;2;1;0;1;1;1;1;1;1;7;1
01/04/2026;7:18:30;C1;279;93;128;34;1;1;1;1;1;1;1;1;1;8;1
01/04/2026;7:19:00;C1;172;234;23;6;2;1;1;1;0;0;1;1;1;6;1
01/04/2026;7:19:30;C1;275;154;89;66;3;1;1;1;1;1;1;1;0;7;1
01/04/2026;7:20:00;C1;270;229;253;29;1;1;1;1;0;1;0;1;1;6;1
01/04/2026;7:20:30;C1;306;109;61;44;2;1;1;1;1;1;1;1;1;8;1
01/04/2026;7:21:00;C1;196;155;177;20;3;1;1;1;1;1;1;1;1;8;1
01/04/2026;7:21:30;C1;337;138;267;32;3;1;0;1;1;1;0;1;1;6;1
01/04/2026;7:22:00;C1;293;288;257;54;1;1;1;1;0;1;0;1;1;6;1
01/04/2026;7:22:30;C1;360;271;92;64;3;1;0;1;0;1;1;1;0;5;0
01/04/2026;7:23:00;C1;234;176;105;62;1;1;1;1;1;1;1;1;0;7;1
01/04/2026;7:23:30;C1;377;90;173;66;1;1;0;1;1;1;1;1;0;6;1
01/04/2026;7:24:00;C1;316;181;186;27;2;1;1;1;1;1;1;1;1;8;1
01/04/2026;7:24:30;C1;169;208;155;43;1;1;1;1;0;1;1;1;1;7;1
01/04/2026;7:25:00;C1;221;185;245;54;2;1;1;1;1;1;0;1;1;7;1
01/04/2026;7:25:30;C1;373;114;32;56;1;1;0;1;1;1;1;1;1;7;1
01/04/2026;7:26:00;C1;186;139;56;15;1;1;1;1;1;1;1;1;1;8;1
01/04/2026;7:26:30;C1;291;290;265;27;1;1;1;1;0;1;0;1;1;6;1
01/04/2026;7:27:00;C1;218;53;208;11;2;1;1;1;1;1;0;1;1;7;1
01/04/2026;7:27:30;C1;389;210;136;50;2;1;0;1;0;1;1;1;1;6;1
01/04/2026;7:28:00;C1;257;206;80;9;1;1;1;1;0;1;1;1;1;7;1
01/04/2026;7:28:30;C1;369;127;239;59;1;1;0;1;1;1;0;1;1;6;1
01/04/2026;7:29:00;C1;321;292;290;5;3;1;0;1;0;1;0;1;1;5;0
01/04/2026;7:29:30;C1;291;103;203;24;1;1;1;1;1;1;0;1;1;7;1
01/04/2026;7:30:00;C1;153;224;43;38;2;0;1;1;0;1;1;1;1;6;1
01/04/2026;7:30:30;C1;120;151;178;33;1;0;1;1;1;1;1;1;1;7;1
01/04/2026;7:31:00;C1;294;221;198;29;1;1;1;1;0;1;1;1;1;7;1
01/04/2026;7:31:30;C1;156;122;54;27;3;0;1;1;1;1;1;1;1;7;1
01/04/2026;7:32:00;C1;309;234;197;25;2;1;1;1;0;1;1;1;1;7;1
01/04/2026;7:32:30;C1;352;299;67;36;1;1;0;1;0;1;1;1;1;6;1
01/04/2026;7:33:00;C1;251;210;61;53;2;1;1;1;0;1;1;1;1;7;1
01/04/2026;7:33:30;C1;176;223;38;11;1;1;1;1;0;1;1;1;1;7;1
01/04/2026;7:34:00;C1;193;246;274;34;3;1;1;1;0;1;0;1;1;6;1
01/04/2026;7:34:30;C1;170;94;254;20;2;1;1;1;1;1;0;1;1;7;1
01/04/2026;7:35:00;C1;218;170;41;43;1;1;1;1;1;1;1;1;1;8;1
01/04/2026;7:35:30;C1;281;131;81;23;3;1;1;1;1;1;1;1;1;8;1
01/04/2026;7:36:00;C1;397;271;44;16;3;1;0;1;0;1;1;1;1;6;1
01/04/2026;7:36:30;C1;232;125;274;1;1;1;1;1;1;1;0;0;1;6;1
01/04/2026;7:37:00;C1;304;158;145;35;1;1;1;1;1;1;1;1;1;8;1
01/04/2026;7:37:30;C1;322;98;131;33;3;1;0;1;1;1;1;1;1;7;1
01/04/2026;7:38:00;C1;176;296;159;47;3;1;1;1;0;1;1;1;1;7;1
01/04/2026;7:38:30;C1;140;254;194;65;1;0;1;1;0;1;1;1;0;5;0
01/04/2026;7:39:00;C1;178;92;193;30;3;1;1;1;1;1;1;1;1;8;1
01/04/2026;7:39:30;C1;361;71;268;23;2;1;0;1;1;1;0;1;1;6;1
01/04/2026;7:40:00;C1;265;218;295;10;1;1;1;1;0;1;0;1;1;6;1
01/04/2026;7:40:30;C1;238;285;122;6;2;1;1;1;0;1;1;1;1;7;1
01/04/2026;7:41:00;C1;232;284;283;17;1;1;1;1;0;1;0;1;1;6;1
01/04/2026;7:41:30;C1;277;73;165;2;3;1;1;1;1;1;1;0;1;7;1
01/04/2026;7:42:00;C1;139;122;91;18;2;0;1;1;1;1;1;1;1;7;1
01/04/2026;7:42:30;C1;347;210;232;26;3;1;0;1;0;1;0;1;1;5;0
01/04/2026;7:43:00;C1;332;234;245;20;3;1;0;1;0;1;0;1;1;5;0
01/04/2026;7:43:30;C1;136;146;53;68;1;0;1;1;1;1;1;1;0;6;1
01/04/2026;7:44:00;C1;141;80;86;30;1;0;1;1;1;1;1;1;1;7;1
01/04/2026;7:44:30;C1;370;261;57;26;2;1;0;1;0;1;1;1;1;6;1
01/04/2026;7:45:00;C1;158;84;169;61;3;0;1;1;1;1;1;1;0;6;1
01/04/2026;7:45:30;C1;348;56;148;56;2;1;0;1;1;1;1;1;1;7;1
01/04/2026;7:46:00;C1;271;202;246;63;2;1;1;1;0;1;0;1;0;5;0
01/04/2026;7:46:30;C1;265;228;99;60;1;1;1;1;0;1;1;1;1;7;1
01/04/2026;7:47:00;C1;375;120;114;6;3;1;0;1;1;1;1;1;1;7;1
01/04/2026;7:47:30;C1;233;263;208;15;3;1;1;1;0;1;0;1;1;6;1
01/04/2026;7:48:00;C1;217;235;259;34;2;1;1;1;0;1;0;1;1;6;1
01/04/2026;7:48:30;C1;183;103;106;62;2;1;1;1;1;1;1;1;0;7;1
01/04/2026;7:49:00;C1;372;80;75;69;1;1;0;1;1;1;1;1;0;6;1
01/04/2026;7:49:30;C1;299;300;186;11;3;1;1;1;0;1;1;1;1;7;1
01/04/2026;7:50:00;C1;190;237;55;4;1;1;1;1;0;1;1;0;1;6;1
01/04/2026;7:50:30;C1;371;276;126;69;3;1;0;1;0;1;1;1;0;5;0
01/04/2026;7:51:00;C1;213;157;294;12;3;1;1;1;1;1;0;1;1;7;1
01/04/2026;7:51:30;C1;245;180;75;56;2;1;1;1;1;1;1;1;1;8;1
01/04/2026;7:52:00;C1;207;188;76;40;2;1;1;1;1;1;1;1;1;8;1
01/04/2026;7:52:30;C1;300;127;231;14;1;1;1;1;1;1;0;1;1;7;1
01/04/2026;7:53:00;C1;132;250;142;44;1;0;1;1;0;1;1;1;1;6;1
01/04/2026;7:53:30;C1;384;199;212;5;3;1;0;1;1;1;0;1;1;6;1
01/04/2026;7:54:00;C1;162;86;162;21;1;1;1;1;1;1;1;1;1;8;1
01/04/2026;7:54:30;C1;141;231;70;13;1;0;1;1;0;1;1;1;1;6;1
01/04/2026;7:55:00;C1;150;256;255;20;2;0;1;1;0;1;0;1;1;5;0
01/04/2026;7:55:30;C1;270;108;196;17;3;1;1;1;1;1;1;1;1;8;1
01/04/2026;7:56:00;C1;244;53;84;31;1;1;1;1;1;1;1;1;1;8;1
01/04/2026;7:56:30;C1;363;116;218;56;1;1;0;1;1;1;0;1;1;6;1
01/04/2026;7:57:00;C1;336;264;55;23;3;1;0;1;0;1;1;1;1;6;1
01/04/2026;7:57:30;C1;352;114;24;58;2;1;0;1;1;0;1;1;1;6;1
01/04/2026;7:58:00;C1;139;202;165;65;3;0;1;1;0;1;1;1;0;5;0
01/04/2026;7:58:30;C1;340;117;53;68;1;1;0;1;1;1;1;1;0;6;1
01/04/2026;7:59:00;C1;324;260;201;58;2;1;0;1;0;1;0;1;1;5;0
01/04/2026;7:59:30;C1;229;171;63;15;2;1;1;1;1;1;1;1;1;8;1
01/04/2026;8:00:00;C1;248;71;187;13;2;1;1;1;1;1;1;1;1;8;1
01/04/2026;8:00:30;C1;134;190;68;5;2;0;1;1;1;1;1;1;1;7;1
01/04/2026;8:01:00;C1;270;295;225;55;2;1;1;1;0;1;0;1;1;6;1
01/04/2026;8:01:30;C1;211;244;89;47;1;1;1;1;0;1;1;1;1;7;1
01/04/2026;8:02:00;C1;365;139;154;58;3;1;0;1;1;1;1;1;1;7;1
01/04/2026;8:02:30;C1;153;124;111;5;3;0;1;1;1;1;1;1;1;7;1
01/04/2026;8:03:00;C1;141;232;131;58;1;0;1;1;0;1;1;1;1;6;1
01/04/2026;8:03:30;C1;368;68;134;9;1;1;0;1;1;1;1;1;1;7;1
01/04/2026;8:04:00;C1;140;294;223;21;1;0;1;1;0;1;0;1;1;5;0
01/04/2026;8:04:30;C1;306;130;278;14;1;1;1;1;1;1;0;1;1;7;1
01/04/2026;8:05:00;C1;317;189;103;25;1;1;1;1;1;1;1;1;1;8;1
01/04/2026;8:05:30;C1;250;212;158;1;1;1;1;1;0;1;1;0;1;6;1
01/04/2026;8:06:00;C1;286;173;228;20;3;1;1;1;1;1;0;1;1;7;1
01/04/2026;8:06:30;C1;302;50;37;61;3;1;1;1;1;1;1;1;0;7;1
01/04/2026;8:07:00;C1;294;214;235;31;3;1;1;1;0;1;0;1;1;6;1
01/04/2026;8:07:30;C1;145;108;63;16;1;0;1;1;1;1;1;1;1;7;1
01/04/2026;8:08:00;C1;223;146;196;67;3;1;1;1;1;1;1;1;0;7;1
01/04/2026;8:08:30;C1;143;110;131;41;3;0;1;1;1;1;1;1;1;7;1
01/04/2026;8:09:00;C1;161;220;19;64;3;1;1;1;0;0;1;1;0;5;0
01/04/2026;8:09:30;C1;316;267;223;34;2;1;1;1;0;1;0;1;1;6;1
01/04/2026;8:10:00;C1;211;174;51;59;1;1;1;1;1;1;1;1;1;8;1
01/04/2026;8:10:30;C1;392;113;95;37;3;1;0;1;1;1;1;1;1;7;1
01/04/2026;8:11:00;C1;227;233;34;45;1;1;1;1;0;1;1;1;1;7;1
01/04/2026;8:11:30;C1;168;115;145;56;1;1;1;1;1;1;1;1;1;8;1
01/04/2026;8:12:00;C1;395;226;160;18;1;1;0;1;0;1;1;1;1;6;1
01/04/2026;8:12:30;C1;312;298;270;62;2;1;1;1;0;1;0;1;0;5;0
01/04/2026;8:13:00;C1;349;116;139;66;1;1;0;1;1;1;1;1;0;6;1
01/04/2026;8:13:30;C1;278;53;127;66;3;1;1;1;1;1;1;1;0;7;1
01/04/2026;8:14:00;C1;347;113;71;15;3;1;0;1;1;1;1;1;1;7;1
01/04/2026;8:14:30;C1;153;243;128;40;2;0;1;1;0;1;1;1;1;6;1
01/04/2026;8:15:00;C1;188;226;232;11;3;1;1;1;0;1;0;1;1;6;1
01/04/2026;8:15:30;C1;319;272;198;36;3;1;1;1;0;1;1;1;1;7;1
01/04/2026;8:16:00;C1;212;55;141;14;1;1;1;1;1;1;1;1;1;8;1
01/04/2026;8:16:30;C1;233;260;45;58;2;1;1;1;0;1;1;1;1;7;1
01/04/2026;8:17:00;C1;345;260;167;46;3;1;0;1;0;1;1;1;1;6;1
01/04/2026;8:17:30;C1;348;294;108;33;1;1;0;1;0;1;1;1;1;6;1
01/04/2026;8:18:00;C1;217;153;76;28;3;1;1;1;1;1;1;1;1;8;1
01/04/2026;8:18:30;C1;277;216;273;36;3;1;1;1;0;1;0;1;1;6;1
01/04/2026;8:19:00;C1;369;178;39;44;1;1;0;1;1;1;1;1;1;7;1
01/04/2026;8:19:30;C1;199;239;249;70;1;1;1;1;0;1;0;1;0;5;0
01/04/2026;8:20:00;C1;300;51;50;43;2;1;1;1;1;1;1;1;1;8;1
01/04/2026;8:20:30;C1;381;204;268;5;3;1;0;1;0;1;0;1;1;5;0
01/04/2026;8:21:00;C1;387;247;153;36;3;1;0;1;0;1;1;1;1;6;1
01/04/2026;8:21:30;C1;224;281;158;11;1;1;1;1;0;1;1;1;1;7;1
01/04/2026;8:22:00;C1;124;55;52;4;1;0;1;1;1;1;1;0;1;6;1
01/04/2026;8:22:30;C1;134;96;202;37;3;0;1;1;1;1;0;1;1;6;1
01/04/2026;8:23:00;C1;258;155;59;33;1;1;1;1;1;1;1;1;1;8;1
01/04/2026;8:23:30;C1;137;190;19;18;3;0;1;1;1;0;1;1;1;6;1
01/04/2026;8:24:00;C1;346;212;52;22;3;1;0;1;0;1;1;1;1;6;1
01/04/2026;8:24:30;C1;155;59;145;47;2;0;1;1;1;1;1;1;1;7;1
01/04/2026;8:25:00;C1;173;261;63;25;3;1;1;1;0;1;1;1;1;7;1
01/04/2026;8:25:30;C1;122;156;112;47;3;0;1;1;1;1;1;1;1;7;1
01/04/2026;8:26:00;C1;148;165;25;24;1;0;1;1;1;0;1;1;1;6;1
01/04/2026;8:26:30;C1;278;162;248;40;3;1;1;1;1;1;0;1;1;7;1
01/04/2026;8:27:00;C1;355;178;27;29;2;1;0;1;1;0;1;1;1;6;1
01/04/2026;8:27:30;C1;266;278;242;50;1;1;1;1;0;1;0;1;1;6;1
01/04/2026;8:28:00;C1;183;210;71;26;3;1;1;1;0;1;1;1;1;7;1
01/04/2026;8:28:30;C1;199;123;34;29;3;1;1;1;1;1;1;1;1;8;1
01/04/2026;8:29:00;C1;189;83;220;58;2;1;1;1;1;1;0;1;1;7;1
01/04/2026;8:29:30;C1;228;102;87;33;1;1;1;1;1;1;1;1;1;8;1
01/04/2026;8:30:00;C1;159;273;36;41;3;0;1;1;0;1;1;1;1;6;1
01/04/2026;8:30:30;C1;379;274;130;16;1;1;0;1;0;1;1;1;1;6;1
01/04/2026;8:31:00;C1;275;99;270;5;2;1;1;1;1;1;0;1;1;7;1
01/04/2026;8:31:30;C1;348;56;134;3;1;1;0;1;1;1;1;0;1;6;1
01/04/2026;8:32:00;C1;290;222;252;50;1;1;1;1;0;1;0;1;1;6;1
01/04/2026;8:32:30;C1;383;213;254;19;2;1;0;1;0;1;0;1;1;5;0
01/04/2026;8:33:00;C1;370;269;272;44;2;1;0;1;0;1;0;1;1;5;0
01/04/2026;8:33:30;C1;338;170;80;23;1;1;0;1;1;1;1;1;1;7;1
01/04/2026;8:34:00;C1;214;143;31;59;1;1;1;1;1;1;1;1;1;8;1
01/04/2026;8:34:30;C1;121;127;102;61;2;0;1;1;1;1;1;1;0;6;1
01/04/2026;8:35:00;C1;241;140;205;26;2;1;1;1;1;1;0;1;1;7;1
01/04/2026;8:35:30;C1;173;203;226;15;2;1;1;1;0;1;0;1;1;6;1
01/04/2026;8:36:00;C1;161;52;67;57;2;1;1;1;1;1;1;1;1;8;1
01/04/2026;8:36:30;C1;127;199;126;33;1;0;1;1;1;1;1;1;1;7;1
01/04/2026;8:37:00;C1;229;72;24;59;2;1;1;1;1;0;1;1;1;7;1
01/04/2026;8:37:30;C1;392;249;241;10;3;1;0;1;0;1;0;1;1;5;0
01/04/2026;8:38:00;C1;182;214;284;36;3;1;1;1;0;1;0;1;1;6;1
01/04/2026;8:38:30;C1;148;205;234;44;1;0;1;1;0;1;0;1;1;5;0
01/04/2026;8:39:00;C1;196;281;263;53;2;1;1;1;0;1;0;1;1;6;1
01/04/2026;8:39:30;C1;312;91;295;13;3;1;1;1;1;1;0;1;1;7;1
01/04/2026;8:40:00;C1;398;296;246;15;3;1;0;1;0;1;0;1;1;5;0
01/04/2026;8:40:30;C1;168;93;272;49;1;1;1;1;1;1;0;1;1;7;1
01/04/2026;8:41:00;C1;311;119;103;1;3;1;1;1;1;1;1;0;1;7;1
01/04/2026;8:41:30;C1;302;236;80;16;2;1;1;1;0;1;1;1;1;7;1
01/04/2026;8:42:00;C1;263;134;223;1;1;1;1;1;1;1;0;0;1;6;1
01/04/2026;8:42:30;C1;232;121;55;56;3;1;1;1;1;1;1;1;1;8;1
01/04/2026;8:43:00;C1;294;72;95;4;3;1;1;1;1;1;1;0;1;7;1
01/04/2026;8:43:30;C1;225;206;209;50;2;1;1;1;0;1;0;1;1;6;1
01/04/2026;8:44:00;C1;130;249;115;43;2;0;1;1;0;1;1;1;1;6;1
01/04/2026;8:44:30;C1;223;85;60;55;1;1;1;1;1;1;1;1;1;8;1
01/04/2026;8:45:00;C1;232;164;69;1;3;1;1;1;1;1;1;0;1;7;1
01/04/2026;8:45:30;C1;291;179;208;68;1;1;1;1;1;1;0;1;0;6;1
01/04/2026;8:46:00;C1;272;292;102;35;1;1;1;1;0;1;1;1;1;7;1
01/04/2026;8:46:30;C1;393;229;96;1;2;1;0;1;0;1;1;0;1;5;0
01/04/2026;8:47:00;C1;132;107;96;34;3;0;1;1;1;1;1;1;1;7;1
01/04/2026;8:47:30;C1;280;194;26;7;1;1;1;1;1;0;1;1;1;7;1
01/04/2026;8:48:00;C1;120;75;188;2;1;0;1;1;1;1;1;0;1;6;1
01/04/2026;8:48:30;C1;400;114;240;29;1;1;0;1;1;1;0;1;1;6;1
01/04/2026;8:49:00;C1;399;270;294;1;1;1;0;1;0;1;0;0;1;4;0
01/04/2026;8:49:30;C1;238;288;244;62;1;1;1;1;0;1;0;1;0;5;0
01/04/2026;8:50:00;C1;289;244;112;10;3;1;1;1;0;1;1;1;1;7;1
01/04/2026;8:50:30;C1;144;130;15;70;3;0;1;1;1;0;1;1;0;5;0
01/04/2026;8:51:00;C1;311;90;81;14;2;1;1;1;1;1;1;1;1;8;1
01/04/2026;8:51:30;C1;190;79;161;3;2;1;1;1;1;1;1;0;1;7;1
01/04/2026;8:52:00;C1;346;77;136;39;3;1;0;1;1;1;1;1;1;7;1
01/04/2026;8:52:30;C1;247;207;52;19;3;1;1;1;0;1;1;1;1;7;1
01/04/2026;8:53:00;C1;275;204;170;7;1;1;1;1;0;1;1;1;1;7;1
01/04/2026;8:53:30;C1;132;75;48;45;2;0;1;1;1;1;1;1;1;7;1
01/04/2026;8:54:00;C1;141;184;282;63;3;0;1;1;1;1;0;1;0;5;0
01/04/2026;8:54:30;C1;313;267;160;10;3;1;1;1;0;1;1;1;1;7;1
01/04/2026;8:55:00;C1;400;187;76;32;1;1;0;1;1;1;1;1;1;7;1
01/04/2026;8:55:30;C1;342;256;158;20;3;1;0;1;0;1;1;1;1;6;1
01/04/2026;8:56:00;C1;299;171;65;38;1;1;1;1;1;1;1;1;1;8;1
01/04/2026;8:56:30;C1;189;295;255;7;2;1;1;1;0;1;0;1;1;6;1
01/04/2026;8:57:00;C1;396;132;158;29;3;1;0;1;1;1;1;1;1;7;1
01/04/2026;8:57:30;C1;218;193;144;27;1;1;1;1;1;1;1;1;1;8;1
01/04/2026;8:58:00;C1;357;94;273;45;3;1;0;1;1;1;0;1;1;6;1
01/04/2026;8:58:30;C1;131;120;215;24;1;0;1;1;1;1;0;1;1;6;1
01/04/2026;8:59:00;C1;343;172;233;36;3;1;0;1;1;1;0;1;1;6;1
01/04/2026;8:59:30;C1;304;53;28;49;3;1;1;1;1;0;1;1;1;7;1
01/04/2026;9:00:00;C2;187;232;170;31;2;1;1;1;0;1;1;1;1;7;1
01/04/2026;9:00:30;C2;188;248;75;63;3;1;1;1;0;1;1;1;0;6;1
01/04/2026;9:01:00;C2;346;200;200;26;2;1;0;1;1;1;1;1;1;7;1
01/04/2026;9:01:30;C2;305;50;166;53;3;1;1;1;1;1;1;1;1;8;1
01/04/2026;9:02:00;C2;126;173;262;16;2;0;1;1;1;1;0;1;1;6;1
01/04/2026;9:02:30;C2;283;162;228;7;2;1;1;1;1;1;0;1;1;7;1
01/04/2026;9:03:00;C2;232;119;82;61;2;1;1;1;1;1;1;1;0;7;1
01/04/2026;9:03:30;C2;336;250;178;28;2;1;0;1;0;1;1;1;1;6;1
01/04/2026;9:04:00;C2;128;233;275;49;2;0;1;1;0;1;0;1;1;5;0
01/04/2026;9:04:30;C2;202;281;236;39;3;1;1;1;0;1;0;1;1;6;1
01/04/2026;9:05:00;C2;284;95;209;7;3;1;1;1;1;1;0;1;1;7;1
01/04/2026;9:05:30;C2;291;196;141;11;2;1;1;1;1;1;1;1;1;8;1
01/04/2026;9:06:00;C2;373;152;185;18;2;1;0;1;1;1;1;1;1;7;1
01/04/2026;9:06:30;C2;224;281;181;42;2;1;1;1;0;1;1;1;1;7;1
01/04/2026;9:07:00;C2;282;122;186;22;1;1;1;1;1;1;1;1;1;8;1
01/04/2026;9:07:30;C2;256;117;29;62;1;1;1;1;1;0;1;1;0;6;1
01/04/2026;9:08:00;C2;236;177;287;70;2;1;1;1;1;1;0;1;0;6;1
01/04/2026;9:08:30;C2;259;147;126;44;3;1;1;1;1;1;1;1;1;8;1
01/04/2026;9:09:00;C2;333;226;25;42;1;1;0;1;0;0;1;1;1;5;0
01/04/2026;9:09:30;C2;220;114;152;56;2;1;1;1;1;1;1;1;1;8;1
01/04/2026;9:10:00;C2;393;156;90;9;3;1;0;1;1;1;1;1;1;7;1
01/04/2026;9:10:30;C2;299;293;250;31;1;1;1;1;0;1;0;1;1;6;1
01/04/2026;9:11:00;C2;214;226;46;28;1;1;1;1;0;1;1;1;1;7;1
01/04/2026;9:11:30;C2;245;74;142;63;3;1;1;1;1;1;1;1;0;7;1
01/04/2026;9:12:00;C2;280;57;242;68;2;1;1;1;1;1;0;1;0;6;1
01/04/2026;9:12:30;C2;270;241;162;36;1;1;1;1;0;1;1;1;1;7;1
01/04/2026;9:13:00;C2;233;155;24;3;2;1;1;1;1;0;1;0;1;6;1
01/04/2026;9:13:30;C2;151;116;179;29;3;0;1;1;1;1;1;1;1;7;1
01/04/2026;9:14:00;C2;245;198;90;67;1;1;1;1;1;1;1;1;0;7;1
01/04/2026;9:14:30;C2;382;244;80;57;1;1;0;1;0;1;1;1;1;6;1
01/04/2026;9:15:00;C2;215;181;259;66;2;1;1;1;1;1;0;1;0;6;1
01/04/2026;9:15:30;C2;193;161;218;18;1;1;1;1;1;1;0;1;1;7;1
01/04/2026;9:16:00;C2;145;119;285;2;2;0;1;1;1;1;0;0;1;5;0
01/04/2026;9:16:30;C2;247;286;11;19;3;1;1;1;0;0;1;1;1;6;1
01/04/2026;9:17:00;C2;187;146;96;3;3;1;1;1;1;1;1;0;1;7;1
01/04/2026;9:17:30;C2;295;252;185;54;2;1;1;1;0;1;1;1;1;7;1
01/04/2026;9:18:00;C2;342;178;140;37;1;1;0;1;1;1;1;1;1;7;1
01/04/2026;9:18:30;C2;386;170;53;28;3;1;0;1;1;1;1;1;1;7;1
01/04/2026;9:19:00;C2;135;186;268;64;1;0;1;1;1;1;0;1;0;5;0
01/04/2026;9:19:30;C2;287;143;259;46;2;1;1;1;1;1;0;1;1;7;1
01/04/2026;9:20:00;C2;187;262;33;5;2;1;1;1;0;1;1;1;1;7;1
01/04/2026;9:20:30;C2;279;217;117;15;3;1;1;1;0;1;1;1;1;7;1
01/04/2026;9:21:00;C2;330;251;252;13;2;1;0;1;0;1;0;1;1;5;0
01/04/2026;9:21:30;C2;400;207;26;32;2;1;0;1;0;0;1;1;1;5;0
01/04/2026;9:22:00;C2;262;57;13;29;1;1;1;1;1;0;1;1;1;7;1
01/04/2026;9:22:30;C2;230;86;269;6;3;1;1;1;1;1;0;1;1;7;1
01/04/2026;9:23:00;C2;351;289;10;63;1;1;0;1;0;0;1;1;0;4;0
01/04/2026;9:23:30;C2;144;216;209;32;2;0;1;1;0;1;0;1;1;5;0
01/04/2026;9:24:00;C2;131;252;278;59;3;0;1;1;0;1;0;1;1;5;0
01/04/2026;9:24:30;C2;183;166;290;7;2;1;1;1;1;1;0;1;1;7;1
01/04/2026;9:25:00;C2;280;198;240;29;1;1;1;1;1;1;0;1;1;7;1
01/04/2026;9:25:30;C2;227;225;45;64;2;1;1;1;0;1;1;1;0;6;1
01/04/2026;9:26:00;C2;371;215;87;58;1;1;0;1;0;1;1;1;1;6;1
01/04/2026;9:26:30;C2;301;143;265;62;2;1;1;1;1;1;0;1;0;6;1
01/04/2026;9:27:00;C2;306;270;158;48;3;1;1;1;0;1;1;1;1;7;1
01/04/2026;9:27:30;C2;382;106;151;13;3;1;0;1;1;1;1;1;1;7;1
01/04/2026;9:28:00;C2;347;216;152;21;3;1;0;1;0;1;1;1;1;6;1
01/04/2026;9:28:30;C2;325;67;68;68;3;1;0;1;1;1;1;1;0;6;1
01/04/2026;9:29:00;C2;240;199;237;20;1;1;1;1;1;1;0;1;1;7;1
01/04/2026;9:29:30;C2;174;178;15;5;1;1;1;1;1;0;1;1;1;7;1
01/04/2026;9:30:00;C2;312;272;193;45;2;1;1;1;0;1;1;1;1;7;1
01/04/2026;9:30:30;C2;133;92;102;70;2;0;1;1;1;1;1;1;0;6;1
01/04/2026;9:31:00;C2;184;59;32;30;1;1;1;1;1;1;1;1;1;8;1
01/04/2026;9:31:30;C2;242;135;218;3;1;1;1;1;1;1;0;0;1;6;1
01/04/2026;9:32:00;C2;140;266;265;16;3;0;1;1;0;1;0;1;1;5;0
01/04/2026;9:32:30;C2;205;183;68;58;1;1;1;1;1;1;1;1;1;8;1
01/04/2026;9:33:00;C2;158;113;289;21;2;0;1;1;1;1;0;1;1;6;1
01/04/2026;9:33:30;C2;250;279;204;48;1;1;1;1;0;1;0;1;1;6;1
01/04/2026;9:34:00;C2;353;191;29;6;3;1;0;1;1;0;1;1;1;6;1
01/04/2026;9:34:30;C2;349;99;20;28;3;1;0;1;1;0;1;1;1;6;1
01/04/2026;9:35:00;C2;126;103;75;56;1;0;1;1;1;1;1;1;1;7;1
01/04/2026;9:35:30;C2;356;224;183;5;1;1;0;1;0;1;1;1;1;6;1
01/04/2026;9:36:00;C2;380;244;289;51;1;1;0;1;0;1;0;1;1;5;0
01/04/2026;9:36:30;C2;203;152;86;52;1;1;1;1;1;1;1;1;1;8;1
01/04/2026;9:37:00;C2;171;76;25;59;3;1;1;1;1;0;1;1;1;7;1
01/04/2026;9:37:30;C2;227;266;189;7;1;1;1;1;0;1;1;1;1;7;1
01/04/2026;9:38:00;C2;206;232;45;39;3;1;1;1;0;1;1;1;1;7;1
01/04/2026;9:38:30;C2;123;146;148;41;2;0;1;1;1;1;1;1;1;7;1
01/04/2026;9:39:00;C2;269;260;161;31;2;1;1;1;0;1;1;1;1;7;1
01/04/2026;9:39:30;C2;234;273;46;27;3;1;1;1;0;1;1;1;1;7;1
01/04/2026;9:40:00;C2;181;139;10;10;2;1;1;1;1;0;1;1;1;7;1
01/04/2026;9:40:30;C2;208;189;291;57;2;1;1;1;1;1;0;1;1;7;1
01/04/2026;9:41:00;C2;212;162;117;32;1;1;1;1;1;1;1;1;1;8;1
01/04/2026;9:41:30;C2;392;142;201;53;2;1;0;1;1;1;0;1;1;6;1
01/04/2026;9:42:00;C2;272;198;292;32;2;1;1;1;1;1;0;1;1;7;1
01/04/2026;9:42:30;C2;394;157;191;12;3;1;0;1;1;1;1;1;1;7;1
01/04/2026;9:43:00;C2;206;112;24;30;3;1;1;1;1;0;1;1;1;7;1
01/04/2026;9:43:30;C2;180;99;255;4;2;1;1;1;1;1;0;0;1;6;1
01/04/2026;9:44:00;C2;154;93;223;11;1;0;1;1;1;1;0;1;1;6;1
01/04/2026;9:44:30;C2;350;249;26;49;1;1;0;1;0;0;1;1;1;5;0
01/04/2026;9:45:00;C2;135;188;34;6;2;0;1;1;1;1;1;1;1;7;1
01/04/2026;9:45:30;C2;361;171;41;40;2;1;0;1;1;1;1;1;1;7;1
01/04/2026;9:46:00;C2;245;280;186;10;2;1;1;1;0;1;1;1;1;7;1
01/04/2026;9:46:30;C2;341;275;94;48;3;1;0;1;0;1;1;1;1;6;1
01/04/2026;9:47:00;C2;318;274;239;55;3;1;1;1;0;1;0;1;1;6;1
01/04/2026;9:47:30;C2;219;62;176;27;2;1;1;1;1;1;1;1;1;8;1
01/04/2026;9:48:00;C2;196;238;114;8;2;1;1;1;0;1;1;1;1;7;1
01/04/2026;9:48:30;C2;364;202;21;45;2;1;0;1;0;0;1;1;1;5;0
01/04/2026;9:49:00;C2;163;140;62;10;1;1;1;1;1;1;1;1;1;8;1
01/04/2026;9:49:30;C2;344;87;38;67;3;1;0;1;1;1;1;1;0;6;1
01/04/2026;9:50:00;C2;247;160;121;56;3;1;1;1;1;1;1;1;1;8;1
01/04/2026;9:50:30;C2;222;276;116;22;3;1;1;1;0;1;1;1;1;7;1
01/04/2026;9:51:00;C2;198;223;248;69;1;1;1;1;0;1;0;1;0;5;0
01/04/2026;9:51:30;C2;367;234;23;45;3;1;0;1;0;0;1;1;1;5;0
01/04/2026;9:52:00;C2;300;284;62;53;3;1;1;1;0;1;1;1;1;7;1
01/04/2026;9:52:30;C2;286;150;151;64;1;1;1;1;1;1;1;1;0;7;1
01/04/2026;9:53:00;C2;311;145;100;51;3;1;1;1;1;1;1;1;1;8;1
01/04/2026;9:53:30;C2;312;92;261;56;1;1;1;1;1;1;0;1;1;7;1
01/04/2026;9:54:00;C2;127;253;142;35;3;0;1;1;0;1;1;1;1;6;1
01/04/2026;9:54:30;C2;120;87;108;54;3;0;1;1;1;1;1;1;1;7;1
01/04/2026;9:55:00;C2;158;73;292;63;3;0;1;1;1;1;0;1;0;5;0
01/04/2026;9:55:30;C2;277;87;51;56;1;1;1;1;1;1;1;1;1;8;1
01/04/2026;9:56:00;C2;145;72;83;18;3;0;1;1;1;1;1;1;1;7;1
01/04/2026;9:56:30;C2;159;223;170;6;2;0;1;1;0;1;1;1;1;6;1
01/04/2026;9:57:00;C2;336;103;145;15;2;1;0;1;1;1;1;1;1;7;1
01/04/2026;9:57:30;C2;237;291;143;62;2;1;1;1;0;1;1;1;0;6;1
01/04/2026;9:58:00;C2;398;188;223;3;2;1;0;1;1;1;0;0;1;5;0
01/04/2026;9:58:30;C2;219;58;295;23;2;1;1;1;1;1;0;1;1;7;1
01/04/2026;9:59:00;C2;379;168;214;24;1;1;0;1;1;1;0;1;1;6;1
01/04/2026;9:59:30;C2;243;142;272;59;2;1;1;1;1;1;0;1;1;7;1
01/04/2026;10:00:00;C2;127;228;53;62;3;0;1;1;0;1;1;1;0;5;0
01/04/2026;10:00:30;C2;230;104;52;41;3;1;1;1;1;1;1;1;1;8;1
01/04/2026;10:01:00;C2;329;148;236;65;2;1;0;1;1;1;0;1;0;5;0
01/04/2026;10:01:30;C2;154;216;265;64;3;0;1;1;0;1;0;1;0;4;0
01/04/2026;10:02:00;C2;374;147;174;38;2;1;0;1;1;1;1;1;1;7;1
01/04/2026;10:02:30;C2;285;190;192;16;1;1;1;1;1;1;1;1;1;8;1
01/04/2026;10:03:00;C2;282;67;70;38;2;1;1;1;1;1;1;1;1;8;1
01/04/2026;10:03:30;C2;320;105;166;40;1;1;1;1;1;1;1;1;1;8;1
01/04/2026;10:04:00;C2;395;300;210;30;1;1;0;1;0;1;0;1;1;5;0
01/04/2026;10:04:30;C2;235;114;178;61;1;1;1;1;1;1;1;1;0;7;1
01/04/2026;10:05:00;C2;134;223;68;52;3;0;1;1;0;1;1;1;1;6;1
01/04/2026;10:05:30;C2;372;254;102;68;3;1;0;1;0;1;1;1;0;5;0
01/04/2026;10:06:00;C2;240;231;239;26;2;1;1;1;0;1;0;1;1;6;1
01/04/2026;10:06:30;C2;154;105;148;7;1;0;1;1;1;1;1;1;1;7;1
01/04/2026;10:07:00;C2;129;108;207;63;2;0;1;1;1;1;0;1;0;5;0
01/04/2026;10:07:30;C2;132;147;42;13;1;0;1;1;1;1;1;1;1;7;1
01/04/2026;10:08:00;C2;140;223;72;47;2;0;1;1;0;1;1;1;1;6;1
01/04/2026;10:08:30;C2;152;165;262;30;2;0;1;1;1;1;0;1;1;6;1
01/04/2026;10:09:00;C2;178;261;295;3;3;1;1;1;0;1;0;0;1;5;0
01/04/2026;10:09:30;C2;204;95;91;59;3;1;1;1;1;1;1;1;1;8;1
01/04/2026;10:10:00;C2;185;298;245;4;3;1;1;1;0;1;0;0;1;5;0
01/04/2026;10:10:30;C2;124;263;119;4;1;0;1;1;0;1;1;0;1;5;0
01/04/2026;10:11:00;C2;171;155;186;60;2;1;1;1;1;1;1;1;1;8;1
01/04/2026;10:11:30;C2;284;294;299;6;3;1;1;1;0;1;0;1;1;6;1
01/04/2026;10:12:00;C2;199;256;95;6;2;1;1;1;0;1;1;1;1;7;1
01/04/2026;10:12:30;C2;263;179;146;15;1;1;1;1;1;1;1;1;1;8;1
01/04/2026;10:13:00;C2;374;278;151;31;2;1;0;1;0;1;1;1;1;6;1
01/04/2026;10:13:30;C2;241;231;87;8;3;1;1;1;0;1;1;1;1;7;1
01/04/2026;10:14:00;C2;174;258;102;36;1;1;1;1;0;1;1;1;1;7;1
01/04/2026;10:14:30;C2;375;54;62;51;3;1;0;1;1;1;1;1;1;7;1
01/04/2026;10:15:00;C2;165;295;112;3;2;1;1;1;0;1;1;0;1;6;1
01/04/2026;10:15:30;C2;163;252;257;44;1;1;1;1;0;1;0;1;1;6;1
01/04/2026;10:16:00;C2;180;189;60;23;2;1;1;1;1;1;1;1;1;8;1
01/04/2026;10:16:30;C2;218;76;89;68;2;1;1;1;1;1;1;1;0;7;1
01/04/2026;10:17:00;C2;128;238;266;24;1;0;1;1;0;1;0;1;1;5;0
01/04/2026;10:17:30;C2;227;281;19;42;2;1;1;1;0;0;1;1;1;6;1
01/04/2026;10:18:00;C2;237;293;288;58;2;1;1;1;0;1;0;1;1;6;1
01/04/2026;10:18:30;C2;221;192;181;40;3;1;1;1;1;1;1;1;1;8;1
01/04/2026;10:19:00;C2;336;248;98;34;2;1;0;1;0;1;1;1;1;6;1
01/04/2026;10:19:30;C2;205;198;56;10;3;1;1;1;1;1;1;1;1;8;1
01/04/2026;10:20:00;C2;188;149;93;61;3;1;1;1;1;1;1;1;0;7;1
01/04/2026;10:20:30;C2;257;127;238;1;3;1;1;1;1;1;0;0;1;6;1
01/04/2026;10:21:00;C2;148;132;121;31;2;0;1;1;1;1;1;1;1;7;1
01/04/2026;10:21:30;C2;228;219;300;16;2;1;1;1;0;1;0;1;1;6;1
01/04/2026;10:22:00;C2;262;292;220;6;1;1;1;1;0;1;0;1;1;6;1
01/04/2026;10:22:30;C2;146;164;30;35;3;0;1;1;1;1;1;1;1;7;1
01/04/2026;10:23:00;C2;389;226;154;18;2;1;0;1;0;1;1;1;1;6;1
01/04/2026;10:23:30;C2;210;56;172;15;1;1;1;1;1;1;1;1;1;8;1
01/04/2026;10:24:00;C2;158;196;279;42;1;0;1;1;1;1;0;1;1;6;1
01/04/2026;10:24:30;C2;330;236;280;29;2;1;0;1;0;1;0;1;1;5;0
01/04/2026;10:25:00;C2;347;97;180;67;2;1;0;1;1;1;1;1;0;6;1
01/04/2026;10:25:30;C2;352;195;207;54;3;1;0;1;1;1;0;1;1;6;1
01/04/2026;10:26:00;C2;125;298;118;34;1;0;1;1;0;1;1;1;1;6;1
01/04/2026;10:26:30;C2;179;204;40;31;1;1;1;1;0;1;1;1;1;7;1
01/04/2026;10:27:00;C2;280;268;105;20;2;1;1;1;0;1;1;1;1;7;1
01/04/2026;10:27:30;C2;173;133;42;11;1;1;1;1;1;1;1;1;1;8;1
01/04/2026;10:28:00;C2;309;178;141;68;1;1;1;1;1;1;1;1;0;7;1
01/04/2026;10:28:30;C2;278;246;52;49;3;1;1;1;0;1;1;1;1;7;1
01/04/2026;10:29:00;C2;347;121;13;48;1;1;0;1;1;0;1;1;1;6;1
01/04/2026;10:29:30;C2;227;203;156;53;3;1;1;1;0;1;1;1;1;7;1
01/04/2026;10:30:00;C2;337;123;122;21;1;1;0;1;1;1;1;1;1;7;1
01/04/2026;10:30:30;C2;348;199;233;27;2;1;0;1;1;1;0;1;1;6;1
01/04/2026;10:31:00;C2;147;168;60;57;2;0;1;1;1;1;1;1;1;7;1
01/04/2026;10:31:30;C2;305;242;98;24;1;1;1;1;0;1;1;1;1;7;1
01/04/2026;10:32:00;C2;300;206;150;33;3;1;1;1;0;1;1;1;1;7;1
01/04/2026;10:32:30;C2;367;70;120;67;2;1;0;1;1;1;1;1;0;6;1
01/04/2026;10:33:00;C2;186;190;59;48;3;1;1;1;1;1;1;1;1;8;1
01/04/2026;10:33:30;C2;311;59;214;35;2;1;1;1;1;1;0;1;1;7;1
01/04/2026;10:34:00;C2;348;175;243;6;3;1;0;1;1;1;0;1;1;6;1
01/04/2026;10:34:30;C2;302;158;227;16;3;1;1;1;1;1;0;1;1;7;1
01/04/2026;10:35:00;C2;333;163;227;57;1;1;0;1;1;1;0;1;1;6;1
01/04/2026;10:35:30;C2;166;129;207;36;3;1;1;1;1;1;0;1;1;7;1
01/04/2026;10:36:00;C2;291;275;264;19;3;1;1;1;0;1;0;1;1;6;1
01/04/2026;10:36:30;C2;356;169;130;24;1;1;0;1;1;1;1;1;1;7;1
01/04/2026;10:37:00;C2;155;213;273;42;1;0;1;1;0;1;0;1;1;5;0
01/04/2026;10:37:30;C2;192;161;89;66;3;1;1;1;1;1;1;1;0;7;1
01/04/2026;10:38:00;C2;385;215;79;24;1;1;0;1;0;1;1;1;1;6;1
01/04/2026;10:38:30;C2;316;268;241;20;2;1;1;1;0;1;0;1;1;6;1
01/04/2026;10:39:00;C2;254;255;243;11;2;1;1;1;0;1;0;1;1;6;1
01/04/2026;10:39:30;C2;212;82;74;35;1;1;1;1;1;1;1;1;1;8;1
01/04/2026;10:40:00;C2;176;63;196;15;3;1;1;1;1;1;1;1;1;8;1
01/04/2026;10:40:30;C2;184;66;100;6;3;1;1;1;1;1;1;1;1;8;1
01/04/2026;10:41:00;C2;353;237;92;34;1;1;0;1;0;1;1;1;1;6;1
01/04/2026;10:41:30;C2;305;95;81;65;2;1;1;1;1;1;1;1;0;7;1
01/04/2026;10:42:00;C2;164;293;48;38;1;1;1;1;0;1;1;1;1;7;1
01/04/2026;10:42:30;C2;382;216;105;14;1;1;0;1;0;1;1;1;1;6;1
01/04/2026;10:43:00;C2;222;121;69;37;2;1;1;1;1;1;1;1;1;8;1
01/04/2026;10:43:30;C2;145;108;230;28;1;0;1;1;1;1;0;1;1;6;1
01/04/2026;10:44:00;C2;312;62;188;7;3;1;1;1;1;1;1;1;1;8;1
01/04/2026;10:44:30;C2;287;130;157;17;3;1;1;1;1;1;1;1;1;8;1
01/04/2026;10:45:00;C2;169;75;107;16;3;1;1;1;1;1;1;1;1;8;1
01/04/2026;10:45:30;C2;261;168;47;35;3;1;1;1;1;1;1;1;1;8;1
01/04/2026;10:46:00;C2;225;157;75;52;3;1;1;1;1;1;1;1;1;8;1
01/04/2026;10:46:30;C2;366;196;88;40;1;1;0;1;1;1;1;1;1;7;1
01/04/2026;10:47:00;C2;324;131;68;41;1;1;0;1;1;1;1;1;1;7;1
01/04/2026;10:47:30;C2;396;159;15;60;2;1;0;1;1;0;1;1;1;6;1
01/04/2026;10:48:00;C2;266;208;215;20;3;1;1;1;0;1;0;1;1;6;1
01/04/2026;10:48:30;C2;240;284;153;30;2;1;1;1;0;1;1;1;1;7;1
01/04/2026;10:49:00;C2;370;246;280;63;1;1;0;1;0;1;0;1;0;4;0
01/04/2026;10:49:30;C2;211;165;197;44;2;1;1;1;1;1;1;1;1;8;1
01/04/2026;10:50:00;C2;355;273;287;57;2;1;0;1;0;1;0;1;1;5;0
01/04/2026;10:50:30;C2;353;111;13;30;2;1;0;1;1;0;1;1;1;6;1
01/04/2026;10:51:00;C2;182;63;223;24;2;1;1;1;1;1;0;1;1;7;1
01/04/2026;10:51:30;C2;132;226;119;6;2;0;1;1;0;1;1;1;1;6;1
01/04/2026;10:52:00;C2;371;69;236;47;3;1;0;1;1;1;0;1;1;6;1
01/04/2026;10:52:30;C2;145;221;241;2;3;0;1;1;0;1;0;0;1;4;0
01/04/2026;10:53:00;C2;126;168;209;52;1;0;1;1;1;1;0;1;1;6;1
01/04/2026;10:53:30;C2;242;283;193;61;3;1;1;1;0;1;1;1;0;6;1
01/04/2026;10:54:00;C2;210;276;250;47;2;1;1;1;0;1;0;1;1;6;1
01/04/2026;10:54:30;C2;216;251;140;12;3;1;1;1;0;1;1;1;1;7;1
01/04/2026;10:55:00;C2;272;197;163;52;2;1;1;1;1;1;1;1;1;8;1
01/04/2026;10:55:30;C2;267;127;252;32;3;1;1;1;1;1;0;1;1;7;1
01/04/2026;10:56:00;C2;373;238;30;65;3;1;0;1;0;1;1;1;0;5;0
01/04/2026;10:56:30;C2;345;277;170;9;1;1;0;1;0;1;1;1;1;6;1
01/04/2026;10:57:00;C2;186;96;222;52;1;1;1;1;1;1;0;1;1;7;1
01/04/2026;10:57:30;C2;179;132;174;21;3;1;1;1;1;1;1;1;1;8;1
01/04/2026;10:58:00;C2;374;114;185;14;2;1;0;1;1;1;1;1;1;7;1
01/04/2026;10:58:30;C2;174;289;214;5;2;1;1;1;0;1;0;1;1;6;1
01/04/2026;10:59:00;C2;328;92;252;3;1;1;0;1;1;1;0;0;1;5;0
01/04/2026;10:59:30;C2;256;201;51;38;2;1;1;1;0;1;1;1;1;7;1
01/04/2026;11:00:00;C3;219;102;155;46;2;1;1;1;1;1;1;1;1;8;1
01/04/2026;11:00:30;C3;239;215;23;54;2;1;1;1;0;0;1;1;1;6;1
01/04/2026;11:01:00;C3;396;237;212;21;3;1;0;1;0;1;0;1;1;5;0
01/04/2026;11:01:30;C3;187;111;107;70;2;1;1;1;1;1;1;1;0;7;1
01/04/2026;11:02:00;C3;274;267;56;3;1;1;1;1;0;1;1;0;1;6;1
01/04/2026;11:02:30;C3;327;120;186;35;2;1;0;1;1;1;1;1;1;7;1
01/04/2026;11:03:00;C3;193;104;240;51;1;1;1;1;1;1;0;1;1;7;1
01/04/2026;11:03:30;C3;386;94;206;58;2;1;0;1;1;1;0;1;1;6;1
01/04/2026;11:04:00;C3;140;251;45;44;2;0;1;1;0;1;1;1;1;6;1
01/04/2026;11:04:30;C3;189;265;269;41;2;1;1;1;0;1;0;1;1;6;1
01/04/2026;11:05:00;C3;263;60;273;39;3;1;1;1;1;1;0;1;1;7;1
01/04/2026;11:05:30;C3;349;88;240;54;2;1;0;1;1;1;0;1;1;6;1
01/04/2026;11:06:00;C3;173;297;235;40;3;1;1;1;0;1;0;1;1;6;1
01/04/2026;11:06:30;C3;248;241;253;57;2;1;1;1;0;1;0;1;1;6;1
01/04/2026;11:07:00;C3;283;265;177;55;1;1;1;1;0;1;1;1;1;7;1
01/04/2026;11:07:30;C3;344;82;54;2;2;1;0;1;1;1;1;0;1;6;1
01/04/2026;11:08:00;C3;277;229;74;12;1;1;1;1;0;1;1;1;1;7;1
01/04/2026;11:08:30;C3;206;102;110;66;3;1;1;1;1;1;1;1;0;7;1
01/04/2026;11:09:00;C3;360;115;178;2;3;1;0;1;1;1;1;0;1;6;1
01/04/2026;11:09:30;C3;249;116;265;10;3;1;1;1;1;1;0;1;1;7;1
01/04/2026;11:10:00;C3;325;196;244;46;3;1;0;1;1;1;0;1;1;6;1
01/04/2026;11:10:30;C3;253;231;272;24;1;1;1;1;0;1;0;1;1;6;1
01/04/2026;11:11:00;C3;327;148;282;25;2;1;0;1;1;1;0;1;1;6;1
01/04/2026;11:11:30;C3;189;80;261;45;3;1;1;1;1;1;0;1;1;7;1
01/04/2026;11:12:00;C3;334;217;153;36;3;1;0;1;0;1;1;1;1;6;1
01/04/2026;11:12:30;C3;365;108;223;48;3;1;0;1;1;1;0;1;1;6;1
01/04/2026;11:13:00;C3;150;83;172;46;3;0;1;1;1;1;1;1;1;7;1
01/04/2026;11:13:30;C3;382;75;223;1;2;1;0;1;1;1;0;0;1;5;0
01/04/2026;11:14:00;C3;200;246;168;43;2;1;1;1;0;1;1;1;1;7;1
01/04/2026;11:14:30;C3;138;130;222;65;3;0;1;1;1;1;0;1;0;5;0
01/04/2026;11:15:00;C3;152;194;128;64;3;0;1;1;1;1;1;1;0;6;1
01/04/2026;11:15:30;C3;392;112;259;43;2;1;0;1;1;1;0;1;1;6;1
01/04/2026;11:16:00;C3;174;215;218;12;2;1;1;1;0;1;0;1;1;6;1
01/04/2026;11:16:30;C3;348;61;242;40;1;1;0;1;1;1;0;1;1;6;1
01/04/2026;11:17:00;C3;155;179;136;35;2;0;1;1;1;1;1;1;1;7;1
01/04/2026;11:17:30;C3;384;257;30;46;3;1;0;1;0;1;1;1;1;6;1
01/04/2026;11:18:00;C3;195;137;185;22;2;1;1;1;1;1;1;1;1;8;1
01/04/2026;11:18:30;C3;141;117;287;22;2;0;1;1;1;1;0;1;1;6;1
01/04/2026;11:19:00;C3;170;287;113;36;3;1;1;1;0;1;1;1;1;7;1
01/04/2026;11:19:30;C3;120;63;135;20;3;0;1;1;1;1;1;1;1;7;1
01/04/2026;11:20:00;C3;268;147;176;3;3;1;1;1;1;1;1;0;1;7;1
01/04/2026;11:20:30;C3;396;276;155;3;2;1;0;1;0;1;1;0;1;5;0
01/04/2026;11:21:00;C3;237;74;127;67;1;1;1;1;1;1;1;1;0;7;1
01/04/2026;11:21:30;C3;340;77;284;40;3;1;0;1;1;1;0;1;1;6;1
01/04/2026;11:22:00;C3;156;183;282;52;1;0;1;1;1;1;0;1;1;6;1
01/04/2026;11:22:30;C3;125;94;184;39;1;0;1;1;1;1;1;1;1;7;1
01/04/2026;11:23:00;C3;162;128;39;62;1;1;1;1;1;1;1;1;0;7;1
01/04/2026;11:23:30;C3;220;111;215;48;3;1;1;1;1;1;0;1;1;7;1
01/04/2026;11:24:00;C3;201;135;259;57;1;1;1;1;1;1;0;1;1;7;1
01/04/2026;11:24:30;C3;243;105;188;17;1;1;1;1;1;1;1;1;1;8;1
01/04/2026;11:25:00;C3;145;204;68;17;1;0;1;1;0;1;1;1;1;6;1
01/04/2026;11:25:30;C3;138;219;102;57;2;0;1;1;0;1;1;1;1;6;1
01/04/2026;11:26:00;C3;301;263;154;69;2;1;1;1;0;1;1;1;0;6;1
01/04/2026;11:26:30;C3;319;201;271;41;3;1;1;1;0;1;0;1;1;6;1
01/04/2026;11:27:00;C3;194;285;251;62;2;1;1;1;0;1;0;1;0;5;0
01/04/2026;11:27:30;C3;207;125;71;39;2;1;1;1;1;1;1;1;1;8;1
01/04/2026;11:28:00;C3;264;278;131;19;1;1;1;1;0;1;1;1;1;7;1
01/04/2026;11:28:30;C3;223;63;86;25;1;1;1;1;1;1;1;1;1;8;1
01/04/2026;11:29:00;C3;175;222;136;45;2;1;1;1;0;1;1;1;1;7;1
01/04/2026;11:29:30;C3;155;117;43;50;2;0;1;1;1;1;1;1;1;7;1
01/04/2026;11:30:00;C3;398;272;22;9;3;1;0;1;0;0;1;1;1;5;0
01/04/2026;11:30:30;C3;172;50;74;19;2;1;1;1;1;1;1;1;1;8;1
01/04/2026;11:31:00;C3;187;212;156;55;2;1;1;1;0;1;1;1;1;7;1
01/04/2026;11:31:30;C3;161;187;225;11;2;1;1;1;1;1;0;1;1;7;1
01/04/2026;11:32:00;C3;159;180;118;23;1;0;1;1;1;1;1;1;1;7;1
01/04/2026;11:32:30;C3;287;258;143;9;3;1;1;1;0;1;1;1;1;7;1
01/04/2026;11:33:00;C3;309;232;103;62;2;1;1;1;0;1;1;1;0;6;1
01/04/2026;11:33:30;C3;120;165;159;33;2;0;1;1;1;1;1;1;1;7;1
01/04/2026;11:34:00;C3;378;217;14;41;2;1;0;1;0;0;1;1;1;5;0
01/04/2026;11:34:30;C3;308;116;239;51;3;1;1;1;1;1;0;1;1;7;1
01/04/2026;11:35:00;C3;394;124;148;58;1;1;0;1;1;1;1;1;1;7;1
01/04/2026;11:35:30;C3;306;84;76;64;2;1;1;1;1;1;1;1;0;7;1
01/04/2026;11:36:00;C3;338;164;293;14;1;1;0;1;1;1;0;1;1;6;1
01/04/2026;11:36:30;C3;310;186;184;37;3;1;1;1;1;1;1;1;1;8;1
01/04/2026;11:37:00;C3;386;288;158;69;2;1;0;1;0;1;1;1;0;5;0
01/04/2026;11:37:30;C3;190;59;115;57;3;1;1;1;1;1;1;1;1;8;1
01/04/2026;11:38:00;C3;152;94;270;9;1;0;1;1;1;1;0;1;1;6;1
01/04/2026;11:38:30;C3;190;121;108;26;2;1;1;1;1;1;1;1;1;8;1
01/04/2026;11:39:00;C3;159;168;207;32;2;0;1;1;1;1;0;1;1;6;1
01/04/2026;11:39:30;C3;381;236;237;11;1;1;0;1;0;1;0;1;1;5;0
01/04/2026;11:40:00;C3;363;219;106;45;1;1;0;1;0;1;1;1;1;6;1
01/04/2026;11:40:30;C3;372;117;193;38;3;1;0;1;1;1;1;1;1;7;1
01/04/2026;11:41:00;C3;231;176;103;8;2;1;1;1;1;1;1;1;1;8;1
01/04/2026;11:41:30;C3;183;186;125;45;2;1;1;1;1;1;1;1;1;8;1
01/04/2026;11:42:00;C3;340;275;216;51;2;1;0;1;0;1;0;1;1;5;0
01/04/2026;11:42:30;C3;132;226;130;40;3;0;1;1;0;1;1;1;1;6;1
01/04/2026;11:43:00;C3;203;56;105;39;3;1;1;1;1;1;1;1;1;8;1
01/04/2026;11:43:30;C3;362;147;193;41;3;1;0;1;1;1;1;1;1;7;1
01/04/2026;11:44:00;C3;169;264;133;13;1;1;1;1;0;1;1;1;1;7;1
01/04/2026;11:44:30;C3;376;72;294;19;1;1;0;1;1;1;0;1;1;6;1
01/04/2026;11:45:00;C3;249;230;181;50;3;1;1;1;0;1;1;1;1;7;1
01/04/2026;11:45:30;C3;266;98;117;19;2;1;1;1;1;1;1;1;1;8;1
01/04/2026;11:46:00;C3;191;139;153;45;1;1;1;1;1;1;1;1;1;8;1
01/04/2026;11:46:30;C3;209;257;39;13;1;1;1;1;0;1;1;1;1;7;1
01/04/2026;11:47:00;C3;195;120;60;36;2;1;1;1;1;1;1;1;1;8;1
01/04/2026;11:47:30;C3;123;217;193;29;2;0;1;1;0;1;1;1;1;6;1
01/04/2026;11:48:00;C3;160;232;25;5;3;1;1;1;0;0;1;1;1;6;1
01/04/2026;11:48:30;C3;393;52;32;32;2;1;0;1;1;1;1;1;1;7;1
01/04/2026;11:49:00;C3;149;231;218;16;3;0;1;1;0;1;0;1;1;5;0
01/04/2026;11:49:30;C3;181;292;157;40;3;1;1;1;0;1;1;1;1;7;1
01/04/2026;11:50:00;C3;196;160;164;18;1;1;1;1;1;1;1;1;1;8;1
01/04/2026;11:50:30;C3;272;177;220;46;1;1;1;1;1;1;0;1;1;7;1
01/04/2026;11:51:00;C3;294;147;183;5;3;1;1;1;1;1;1;1;1;8;1
01/04/2026;11:51:30;C3;279;298;126;27;1;1;1;1;0;1;1;1;1;7;1
01/04/2026;11:52:00;C3;400;280;272;35;3;1;0;1;0;1;0;1;1;5;0
01/04/2026;11:52:30;C3;219;76;23;44;3;1;1;1;1;0;1;1;1;7;1
01/04/2026;11:53:00;C3;387;258;22;47;1;1;0;1;0;0;1;1;1;5;0
01/04/2026;11:53:30;C3;294;56;188;10;1;1;1;1;1;1;1;1;1;8;1
01/04/2026;11:54:00;C3;262;104;296;6;3;1;1;1;1;1;0;1;1;7;1
01/04/2026;11:54:30;C3;135;77;159;63;2;0;1;1;1;1;1;1;0;6;1
01/04/2026;11:55:00;C3;297;196;241;15;2;1;1;1;1;1;0;1;1;7;1
01/04/2026;11:55:30;C3;162;148;251;56;3;1;1;1;1;1;0;1;1;7;1
01/04/2026;11:56:00;C3;267;261;259;43;1;1;1;1;0;1;0;1;1;6;1
01/04/2026;11:56:30;C3;301;100;30;27;2;1;1;1;1;1;1;1;1;8;1
01/04/2026;11:57:00;C3;220;194;241;63;1;1;1;1;1;1;0;1;0;6;1
01/04/2026;11:57:30;C3;203;260;236;17;3;1;1;1;0;1;0;1;1;6;1
01/04/2026;11:58:00;C3;346;269;284;47;1;1;0;1;0;1;0;1;1;5;0
01/04/2026;11:58:30;C3;297;83;199;58;1;1;1;1;1;1;1;1;1;8;1
01/04/2026;11:59:00;C3;169;250;106;44;1;1;1;1;0;1;1;1;1;7;1
01/04/2026;11:59:30;C3;124;239;189;30;1;0;1;1;0;1;1;1;1;6;1
01/04/2026;12:00:00;C3;154;107;121;69;1;0;1;1;1;1;1;1;0;6;1
01/04/2026;12:00:30;C3;157;269;150;66;3;0;1;1;0;1;1;1;0;5;0
01/04/2026;12:01:00;C3;364;134;99;5;1;1;0;1;1;1;1;1;1;7;1
01/04/2026;12:01:30;C3;167;193;17;2;2;1;1;1;1;0;1;0;1;6;1
01/04/2026;12:02:00;C3;275;142;51;66;2;1;1;1;1;1;1;1;0;7;1
01/04/2026;12:02:30;C3;297;258;208;9;3;1;1;1;0;1;0;1;1;6;1
01/04/2026;12:03:00;C3;200;88;223;41;1;1;1;1;1;1;0;1;1;7;1
01/04/2026;12:03:30;C3;191;184;80;18;1;1;1;1;1;1;1;1;1;8;1
01/04/2026;12:04:00;C3;289;56;149;48;2;1;1;1;1;1;1;1;1;8;1
01/04/2026;12:04:30;C3;151;243;67;11;3;0;1;1;0;1;1;1;1;6;1
01/04/2026;12:05:00;C3;273;231;283;4;2;1;1;1;0;1;0;0;1;5;0
01/04/2026;12:05:30;C3;247;214;252;55;1;1;1;1;0;1;0;1;1;6;1
01/04/2026;12:06:00;C3;143;95;53;59;1;0;1;1;1;1;1;1;1;7;1
01/04/2026;12:06:30;C3;161;291;108;10;2;1;1;1;0;1;1;1;1;7;1
01/04/2026;12:07:00;C3;154;230;232;68;3;0;1;1;0;1;0;1;0;4;0
01/04/2026;12:07:30;C3;340;172;269;67;1;1;0;1;1;1;0;1;0;5;0
01/04/2026;12:08:00;C3;166;283;213;29;3;1;1;1;0;1;0;1;1;6;1
01/04/2026;12:08:30;C3;261;173;101;22;1;1;1;1;1;1;1;1;1;8;1
01/04/2026;12:09:00;C3;365;68;290;2;1;1;0;1;1;1;0;0;1;5;0
01/04/2026;12:09:30;C3;323;293;278;8;1;1;0;1;0;1;0;1;1;5;0
01/04/2026;12:10:00;C3;310;79;73;4;1;1;1;1;1;1;1;0;1;7;1
01/04/2026;12:10:30;C3;155;186;183;5;3;0;1;1;1;1;1;1;1;7;1
01/04/2026;12:11:00;C3;286;178;113;16;3;1;1;1;1;1;1;1;1;8;1
01/04/2026;12:11:30;C3;355;53;90;3;3;1;0;1;1;1;1;0;1;6;1
01/04/2026;12:12:00;C3;392;214;99;22;2;1;0;1;0;1;1;1;1;6;1
01/04/2026;12:12:30;C3;205;187;195;8;3;1;1;1;1;1;1;1;1;8;1
01/04/2026;12:13:00;C3;145;300;139;39;1;0;1;1;0;1;1;1;1;6;1
01/04/2026;12:13:30;C3;343;225;271;11;1;1;0;1;0;1;0;1;1;5;0
01/04/2026;12:14:00;C3;388;161;281;49;2;1;0;1;1;1;0;1;1;6;1
01/04/2026;12:14:30;C3;183;194;263;15;3;1;1;1;1;1;0;1;1;7;1
01/04/2026;12:15:00;C3;340;164;72;40;1;1;0;1;1;1;1;1;1;7;1
01/04/2026;12:15:30;C3;398;296;24;58;1;1;0;1;0;0;1;1;1;5;0
01/04/2026;12:16:00;C3;121;176;117;1;3;0;1;1;1;1;1;0;1;6;1
01/04/2026;12:16:30;C3;291;275;150;11;1;1;1;1;0;1;1;1;1;7;1
01/04/2026;12:17:00;C3;340;227;224;50;1;1;0;1;0;1;0;1;1;5;0
01/04/2026;12:17:30;C3;196;109;89;57;2;1;1;1;1;1;1;1;1;8;1
01/04/2026;12:18:00;C3;375;265;225;58;2;1;0;1;0;1;0;1;1;5;0
01/04/2026;12:18:30;C3;354;280;75;41;2;1;0;1;0;1;1;1;1;6;1
01/04/2026;12:19:00;C3;281;233;79;35;3;1;1;1;0;1;1;1;1;7;1
01/04/2026;12:19:30;C3;294;80;295;41;1;1;1;1;1;1;0;1;1;7;1
01/04/2026;12:20:00;C3;210;271;62;26;2;1;1;1;0;1;1;1;1;7;1
01/04/2026;12:20:30;C3;346;92;47;40;1;1;0;1;1;1;1;1;1;7;1
01/04/2026;12:21:00;C3;233;295;174;39;3;1;1;1;0;1;1;1;1;7;1
01/04/2026;12:21:30;C3;192;51;99;70;2;1;1;1;1;1;1;1;0;7;1
01/04/2026;12:22:00;C3;276;97;197;24;1;1;1;1;1;1;1;1;1;8;1
01/04/2026;12:22:30;C3;287;141;210;49;2;1;1;1;1;1;0;1;1;7;1
01/04/2026;12:23:00;C3;374;74;121;14;1;1;0;1;1;1;1;1;1;7;1
01/04/2026;12:23:30;C3;356;91;224;46;1;1;0;1;1;1;0;1;1;6;1
01/04/2026;12:24:00;C3;200;214;42;45;2;1;1;1;0;1;1;1;1;7;1
01/04/2026;12:24:30;C3;208;94;168;31;2;1;1;1;1;1;1;1;1;8;1
01/04/2026;12:25:00;C3;251;217;160;39;2;1;1;1;0;1;1;1;1;7;1
01/04/2026;12:25:30;C3;217;119;220;30;3;1;1;1;1;1;0;1;1;7;1
01/04/2026;12:26:00;C3;314;88;229;70;3;1;1;1;1;1;0;1;0;6;1
01/04/2026;12:26:30;C3;154;201;278;20;3;0;1;1;0;1;0;1;1;5;0
01/04/2026;12:27:00;C3;198;83;226;26;2;1;1;1;1;1;0;1;1;7;1
01/04/2026;12:27:30;C3;293;211;72;17;3;1;1;1;0;1;1;1;1;7;1
01/04/2026;12:28:00;C3;175;86;218;41;1;1;1;1;1;1;0;1;1;7;1
01/04/2026;12:28:30;C3;230;219;263;12;1;1;1;1;0;1;0;1;1;6;1
01/04/2026;12:29:00;C3;353;107;21;17;3;1;0;1;1;0;1;1;1;6;1
01/04/2026;12:29:30;C3;220;229;281;28;1;1;1;1;0;1;0;1;1;6;1
01/04/2026;12:30:00;C3;271;94;195;65;3;1;1;1;1;1;1;1;0;7;1
01/04/2026;12:30:30;C3;165;141;42;45;3;1;1;1;1;1;1;1;1;8;1
01/04/2026;12:31:00;C3;320;222;268;26;1;1;1;1;0;1;0;1;1;6;1
01/04/2026;12:31:30;C3;321;277;288;31;3;1;0;1;0;1;0;1;1;5;0
01/04/2026;12:32:00;C3;209;279;99;32;1;1;1;1;0;1;1;1;1;7;1
01/04/2026;12:32:30;C3;385;117;170;27;3;1;0;1;1;1;1;1;1;7;1
01/04/2026;12:33:00;C3;331;162;100;34;1;1;0;1;1;1;1;1;1;7;1
01/04/2026;12:33:30;C3;269;190;151;44;3;1;1;1;1;1;1;1;1;8;1
01/04/2026;12:34:00;C3;313;176;84;33;1;1;1;1;1;1;1;1;1;8;1
01/04/2026;12:34:30;C3;318;254;255;21;2;1;1;1;0;1;0;1;1;6;1
01/04/2026;12:35:00;C3;247;151;130;16;3;1;1;1;1;1;1;1;1;8;1
01/04/2026;12:35:30;C3;345;221;130;36;2;1;0;1;0;1;1;1;1;6;1
01/04/2026;12:36:00;C3;185;222;129;9;1;1;1;1;0;1;1;1;1;7;1
01/04/2026;12:36:30;C3;248;259;162;20;1;1;1;1;0;1;1;1;1;7;1
01/04/2026;12:37:00;C3;310;168;167;60;1;1;1;1;1;1;1;1;1;8;1
01/04/2026;12:37:30;C3;363;254;128;56;1;1;0;1;0;1;1;1;1;6;1
01/04/2026;12:38:00;C3;169;264;122;5;3;1;1;1;0;1;1;1;1;7;1
01/04/2026;12:38:30;C3;196;149;290;68;2;1;1;1;1;1;0;1;0;6;1
01/04/2026;12:39:00;C3;234;175;145;5;1;1;1;1;1;1;1;1;1;8;1
01/04/2026;12:39:30;C3;252;186;150;67;1;1;1;1;1;1;1;1;0;7;1
01/04/2026;12:40:00;C3;382;226;28;50;3;1;0;1;0;0;1;1;1;5;0
01/04/2026;12:40:30;C3;375;63;202;1;3;1;0;1;1;1;0;0;1;5;0
01/04/2026;12:41:00;C3;347;246;21;25;3;1;0;1;0;0;1;1;1;5;0
01/04/2026;12:41:30;C3;194;223;133;68;2;1;1;1;0;1;1;1;0;6;1
01/04/2026;12:42:00;C3;308;114;267;23;3;1;1;1;1;1;0;1;1;7;1
01/04/2026;12:42:30;C3;316;51;220;33;2;1;1;1;1;1;0;1;1;7;1
01/04/2026;12:43:00;C3;372;202;173;42;1;1;0;1;0;1;1;1;1;6;1
01/04/2026;12:43:30;C3;268;241;270;29;3;1;1;1;0;1;0;1;1;6;1
01/04/2026;12:44:00;C3;372;142;145;38;3;1;0;1;1;1;1;1;1;7;1
01/04/2026;12:44:30;C3;158;272;179;15;1;0;1;1;0;1;1;1;1;6;1
01/04/2026;12:45:00;C3;236;196;234;62;1;1;1;1;1;1;0;1;0;6;1
01/04/2026;12:45:30;C3;374;77;218;20;1;1;0;1;1;1;0;1;1;6;1
01/04/2026;12:46:00;C3;190;67;184;57;2;1;1;1;1;1;1;1;1;8;1
01/04/2026;12:46:30;C3;184;290;71;61;2;1;1;1;0;1;1;1;0;6;1
01/04/2026;12:47:00;C3;133;95;281;19;1;0;1;1;1;1;0;1;1;6;1
01/04/2026;12:47:30;C3;373;227;20;33;1;1;0;1;0;0;1;1;1;5;0
01/04/2026;12:48:00;C3;159;141;135;31;1;0;1;1;1;1;1;1;1;7;1
01/04/2026;12:48:30;C3;242;57;268;17;1;1;1;1;1;1;0;1;1;7;1
01/04/2026;12:49:00;C3;154;241;17;45;3;0;1;1;0;0;1;1;1;5;0
01/04/2026;12:49:30;C3;260;168;167;58;1;1;1;1;1;1;1;1;1;8;1
01/04/2026;12:50:00;C3;324;296;132;63;1;1;0;1;0;1;1;1;0;5;0
01/04/2026;12:50:30;C3;375;107;90;22;3;1;0;1;1;1;1;1;1;7;1
01/04/2026;12:51:00;C3;302;60;41;51;1;1;1;1;1;1;1;1;1;8;1
01/04/2026;12:51:30;C3;286;74;79;3;1;1;1;1;1;1;1;0;1;7;1
01/04/2026;12:52:00;C3;213;249;288;70;3;1;1;1;0;1;0;1;0;5;0
01/04/2026;12:52:30;C3;207;74;243;23;1;1;1;1;1;1;0;1;1;7;1
01/04/2026;12:53:00;C3;202;272;235;29;1;1;1;1;0;1;0;1;1;6;1
01/04/2026;12:53:30;C3;275;227;112;22;1;1;1;1;0;1;1;1;1;7;1
01/04/2026;12:54:00;C3;340;293;50;22;1;1;0;1;0;1;1;1;1;6;1
01/04/2026;12:54:30;C3;247;112;113;30;1;1;1;1;1;1;1;1;1;8;1
01/04/2026;12:55:00;C3;394;152;194;6;1;1;0;1;1;1;1;1;1;7;1
01/04/2026;12:55:30;C3;323;113;36;38;1;1;0;1;1;1;1;1;1;7;1
01/04/2026;12:56:00;C3;209;279;283;44;3;1;1;1;0;1;0;1;1;6;1
01/04/2026;12:56:30;C3;148;246;240;47;3;0;1;1;0;1;0;1;1;5;0
01/04/2026;12:57:00;C3;303;210;195;8;3;1;1;1;0;1;1;1;1;7;1
01/04/2026;12:57:30;C3;142;110;190;65;1;0;1;1;1;1;1;1;0;6;1
01/04/2026;12:58:00;C3;324;74;128;46;1;1;0;1;1;1;1;1;1;7;1
01/04/2026;12:58:30;C3;309;121;208;59;3;1;1;1;1;1;0;1;1;7;1
01/04/2026;12:59:00;C3;315;152;268;37;1;1;1;1;1;1;0;1;1;7;1
01/04/2026;12:59:30;C3;192;141;47;26;1;1;1;1;1;1;1;1;1;8;1
01/04/2026;13:00:00;C4;383;249;293;16;3;1;0;1;0;1;0;1;1;5;0
01/04/2026;13:00:30;C4;195;151;261;11;2;1;1;1;1;1;0;1;1;7;1
01/04/2026;13:01:00;C4;291;282;217;32;2;1;1;1;0;1;0;1;1;6;1
01/04/2026;13:01:30;C4;302;87;148;47;3;1;1;1;1;1;1;1;1;8;1
01/04/2026;13:02:00;C4;315;153;225;48;2;1;1;1;1;1;0;1;1;7;1
01/04/2026;13:02:30;C4;162;175;43;4;1;1;1;1;1;1;1;0;1;7;1
01/04/2026;13:03:00;C4;316;101;72;54;2;1;1;1;1;1;1;1;1;8;1
01/04/2026;13:03:30;C4;278;231;48;30;3;1;1;1;0;1;1;1;1;7;1
01/04/2026;13:04:00;C4;277;255;168;38;3;1;1;1;0;1;1;1;1;7;1
01/04/2026;13:04:30;C4;284;135;288;8;1;1;1;1;1;1;0;1;1;7;1
01/04/2026;13:05:00;C4;384;160;164;46;3;1;0;1;1;1;1;1;1;7;1
01/04/2026;13:05:30;C4;220;293;63;50;2;1;1;1;0;1;1;1;1;7;1
01/04/2026;13:06:00;C4;370;112;39;67;2;1;0;1;1;1;1;1;0;6;1
01/04/2026;13:06:30;C4;169;116;206;62;2;1;1;1;1;1;0;1;0;6;1
01/04/2026;13:07:00;C4;262;279;196;2;1;1;1;1;0;1;1;0;1;6;1
01/04/2026;13:07:30;C4;163;217;36;33;2;1;1;1;0;1;1;1;1;7;1
01/04/2026;13:08:00;C4;139;76;286;41;3;0;1;1;1;1;0;1;1;6;1
01/04/2026;13:08:30;C4;249;98;38;47;1;1;1;1;1;1;1;1;1;8;1
01/04/2026;13:09:00;C4;390;106;208;63;3;1;0;1;1;1;0;1;0;5;0
01/04/2026;13:09:30;C4;316;130;128;58;1;1;1;1;1;1;1;1;1;8;1
01/04/2026;13:10:00;C4;392;90;107;62;2;1;0;1;1;1;1;1;0;6;1
01/04/2026;13:10:30;C4;218;200;77;36;1;1;1;1;1;1;1;1;1;8;1
01/04/2026;13:11:00;C4;241;286;233;20;3;1;1;1;0;1;0;1;1;6;1
01/04/2026;13:11:30;C4;261;112;82;2;2;1;1;1;1;1;1;0;1;7;1
01/04/2026;13:12:00;C4;373;211;171;14;2;1;0;1;0;1;1;1;1;6;1
01/04/2026;13:12:30;C4;212;168;43;53;1;1;1;1;1;1;1;1;1;8;1
01/04/2026;13:13:00;C4;380;135;94;12;1;1;0;1;1;1;1;1;1;7;1
01/04/2026;13:13:30;C4;170;168;42;20;3;1;1;1;1;1;1;1;1;8;1
01/04/2026;13:14:00;C4;378;276;49;17;3;1;0;1;0;1;1;1;1;6;1
01/04/2026;13:14:30;C4;361;74;235;18;1;1;0;1;1;1;0;1;1;6;1
01/04/2026;13:15:00;C4;188;195;126;8;1;1;1;1;1;1;1;1;1;8;1
01/04/2026;13:15:30;C4;125;113;185;47;3;0;1;1;1;1;1;1;1;7;1
01/04/2026;13:16:00;C4;135;112;45;58;1;0;1;1;1;1;1;1;1;7;1
01/04/2026;13:16:30;C4;144;155;277;31;2;0;1;1;1;1;0;1;1;6;1
01/04/2026;13:17:00;C4;336;182;19;23;3;1;0;1;1;0;1;1;1;6;1
01/04/2026;13:17:30;C4;320;128;166;24;2;1;1;1;1;1;1;1;1;8;1
01/04/2026;13:18:00;C4;245;205;106;20;3;1;1;1;0;1;1;1;1;7;1
01/04/2026;13:18:30;C4;209;229;211;10;3;1;1;1;0;1;0;1;1;6;1
01/04/2026;13:19:00;C4;290;143;267;18;1;1;1;1;1;1;0;1;1;7;1
01/04/2026;13:19:30;C4;214;169;153;13;3;1;1;1;1;1;1;1;1;8;1
01/04/2026;13:20:00;C4;143;243;299;38;1;0;1;1;0;1;0;1;1;5;0
01/04/2026;13:20:30;C4;122;59;84;33;2;0;1;1;1;1;1;1;1;7;1
01/04/2026;13:21:00;C4;134;297;225;64;1;0;1;1;0;1;0;1;0;4;0
01/04/2026;13:21:30;C4;330;115;251;20;3;1;0;1;1;1;0;1;1;6;1
01/04/2026;13:22:00;C4;386;209;111;63;2;1;0;1;0;1;1;1;0;5;0
01/04/2026;13:22:30;C4;284;182;187;13;1;1;1;1;1;1;1;1;1;8;1
01/04/2026;13:23:00;C4;384;233;113;12;3;1;0;1;0;1;1;1;1;6;1
01/04/2026;13:23:30;C4;370;220;81;67;1;1;0;1;0;1;1;1;0;5;0
01/04/2026;13:24:00;C4;381;185;99;36;3;1;0;1;1;1;1;1;1;7;1
01/04/2026;13:24:30;C4;359;198;113;55;2;1;0;1;1;1;1;1;1;7;1
01/04/2026;13:25:00;C4;284;150;126;43;2;1;1;1;1;1;1;1;1;8;1
01/04/2026;13:25:30;C4;207;94;167;64;1;1;1;1;1;1;1;1;0;7;1
01/04/2026;13:26:00;C4;326;226;282;56;3;1;0;1;0;1;0;1;1;5;0
01/04/2026;13:26:30;C4;366;180;210;57;2;1;0;1;1;1;0;1;1;6;1
01/04/2026;13:27:00;C4;238;284;126;59;2;1;1;1;0;1;1;1;1;7;1
01/04/2026;13:27:30;C4;221;235;187;32;3;1;1;1;0;1;1;1;1;7;1
01/04/2026;13:28:00;C4;311;292;206;53;2;1;1;1;0;1;0;1;1;6;1
01/04/2026;13:28:30;C4;242;201;296;22;2;1;1;1;0;1;0;1;1;6;1
01/04/2026;13:29:00;C4;264;178;258;50;1;1;1;1;1;1;0;1;1;7;1
01/04/2026;13:29:30;C4;366;288;257;37;3;1;0;1;0;1;0;1;1;5;0
01/04/2026;13:30:00;C4;274;239;166;54;1;1;1;1;0;1;1;1;1;7;1
01/04/2026;13:30:30;C4;175;67;179;68;1;1;1;1;1;1;1;1;0;7;1
01/04/2026;13:31:00;C4;372;289;146;66;2;1;0;1;0;1;1;1;0;5;0
01/04/2026;13:31:30;C4;265;289;52;8;3;1;1;1;0;1;1;1;1;7;1
01/04/2026;13:32:00;C4;342;99;167;31;1;1;0;1;1;1;1;1;1;7;1
01/04/2026;13:32:30;C4;154;220;123;21;2;0;1;1;0;1;1;1;1;6;1
01/04/2026;13:33:00;C4;261;216;144;9;2;1;1;1;0;1;1;1;1;7;1
01/04/2026;13:33:30;C4;213;259;51;13;1;1;1;1;0;1;1;1;1;7;1
01/04/2026;13:34:00;C4;147;245;185;40;2;0;1;1;0;1;1;1;1;6;1
01/04/2026;13:34:30;C4;323;115;192;28;1;1;0;1;1;1;1;1;1;7;1
01/04/2026;13:35:00;C4;137;196;139;2;2;0;1;1;1;1;1;0;1;6;1
01/04/2026;13:35:30;C4;222;270;268;7;3;1;1;1;0;1;0;1;1;6;1
01/04/2026;13:36:00;C4;295;103;165;25;3;1;1;1;1;1;1;1;1;8;1
01/04/2026;13:36:30;C4;209;209;293;19;2;1;1;1;0;1;0;1;1;6;1
01/04/2026;13:37:00;C4;309;205;39;66;2;1;1;1;0;1;1;1;0;6;1
01/04/2026;13:37:30;C4;177;213;287;18;2;1;1;1;0;1;0;1;1;6;1
01/04/2026;13:38:00;C4;337;228;185;27;2;1;0;1;0;1;1;1;1;6;1
01/04/2026;13:38:30;C4;313;65;216;65;3;1;1;1;1;1;0;1;0;6;1
01/04/2026;13:39:00;C4;294;53;75;25;3;1;1;1;1;1;1;1;1;8;1
01/04/2026;13:39:30;C4;267;151;271;53;2;1;1;1;1;1;0;1;1;7;1
01/04/2026;13:40:00;C4;323;226;286;33;2;1;0;1;0;1;0;1;1;5;0
01/04/2026;13:40:30;C4;246;226;97;36;1;1;1;1;0;1;1;1;1;7;1
01/04/2026;13:41:00;C4;338;142;184;12;1;1;0;1;1;1;1;1;1;7;1
01/04/2026;13:41:30;C4;146;149;153;5;1;0;1;1;1;1;1;1;1;7;1
01/04/2026;13:42:00;C4;341;221;53;22;1;1;0;1;0;1;1;1;1;6;1
01/04/2026;13:42:30;C4;134;145;300;35;2;0;1;1;1;1;0;1;1;6;1
01/04/2026;13:43:00;C4;381;125;74;9;2;1;0;1;1;1;1;1;1;7;1
01/04/2026;13:43:30;C4;125;283;10;69;2;0;1;1;0;0;1;1;0;4;0
01/04/2026;13:44:00;C4;295;168;248;57;1;1;1;1;1;1;0;1;1;7;1
01/04/2026;13:44:30;C4;204;76;62;36;1;1;1;1;1;1;1;1;1;8;1
01/04/2026;13:45:00;C4;365;173;177;7;3;1;0;1;1;1;1;1;1;7;1
01/04/2026;13:45:30;C4;142;137;223;22;2;0;1;1;1;1;0;1;1;6;1
01/04/2026;13:46:00;C4;198;148;233;47;3;1;1;1;1;1;0;1;1;7;1
01/04/2026;13:46:30;C4;170;54;17;10;2;1;1;1;1;0;1;1;1;7;1
01/04/2026;13:47:00;C4;173;81;154;45;1;1;1;1;1;1;1;1;1;8;1
01/04/2026;13:47:30;C4;243;59;224;27;3;1;1;1;1;1;0;1;1;7;1
01/04/2026;13:48:00;C4;217;125;70;27;3;1;1;1;1;1;1;1;1;8;1
01/04/2026;13:48:30;C4;384;152;47;53;3;1;0;1;1;1;1;1;1;7;1
01/04/2026;13:49:00;C4;253;199;60;52;1;1;1;1;1;1;1;1;1;8;1
01/04/2026;13:49:30;C4;165;248;89;15;2;1;1;1;0;1;1;1;1;7;1
01/04/2026;13:50:00;C4;180;100;92;27;2;1;1;1;1;1;1;1;1;8;1
01/04/2026;13:50:30;C4;228;177;145;43;1;1;1;1;1;1;1;1;1;8;1
01/04/2026;13:51:00;C4;390;160;162;44;1;1;0;1;1;1;1;1;1;7;1
01/04/2026;13:51:30;C4;190;196;76;31;3;1;1;1;1;1;1;1;1;8;1
01/04/2026;13:52:00;C4;366;184;46;50;3;1;0;1;1;1;1;1;1;7;1
01/04/2026;13:52:30;C4;185;114;227;43;1;1;1;1;1;1;0;1;1;7;1
01/04/2026;13:53:00;C4;271;292;176;11;1;1;1;1;0;1;1;1;1;7;1
01/04/2026;13:53:30;C4;251;222;99;34;1;1;1;1;0;1;1;1;1;7;1
01/04/2026;13:54:00;C4;390;279;68;42;1;1;0;1;0;1;1;1;1;6;1
01/04/2026;13:54:30;C4;150;164;62;48;3;0;1;1;1;1;1;1;1;7;1
01/04/2026;13:55:00;C4;202;298;234;70;3;1;1;1;0;1;0;1;0;5;0
01/04/2026;13:55:30;C4;193;255;268;58;3;1;1;1;0;1;0;1;1;6;1
01/04/2026;13:56:00;C4;295;119;273;46;1;1;1;1;1;1;0;1;1;7;1
01/04/2026;13:56:30;C4;192;244;86;5;2;1;1;1;0;1;1;1;1;7;1
01/04/2026;13:57:00;C4;275;131;194;42;3;1;1;1;1;1;1;1;1;8;1
01/04/2026;13:57:30;C4;256;162;99;23;1;1;1;1;1;1;1;1;1;8;1
01/04/2026;13:58:00;C4;255;137;292;38;1;1;1;1;1;1;0;1;1;7;1
01/04/2026;13:58:30;C4;270;120;100;32;1;1;1;1;1;1;1;1;1;8;1
01/04/2026;13:59:00;C4;121;135;17;12;1;0;1;1;1;0;1;1;1;6;1
01/04/2026;13:59:30;C4;151;215;223;2;1;0;1;1;0;1;0;0;1;4;0
01/04/2026;14:00:00;C4;239;276;213;7;2;1;1;1;0;1;0;1;1;6;1
01/04/2026;14:00:30;C4;153;88;218;63;2;0;1;1;1;1;0;1;0;5;0
01/04/2026;14:01:00;C4;249;273;14;16;1;1;1;1;0;0;1;1;1;6;1
01/04/2026;14:01:30;C4;186;254;59;22;3;1;1;1;0;1;1;1;1;7;1
01/04/2026;14:02:00;C4;250;173;87;53;3;1;1;1;1;1;1;1;1;8;1
01/04/2026;14:02:30;C4;360;282;71;70;3;1;0;1;0;1;1;1;0;5;0
01/04/2026;14:03:00;C4;213;156;94;39;3;1;1;1;1;1;1;1;1;8;1
01/04/2026;14:03:30;C4;217;215;263;9;2;1;1;1;0;1;0;1;1;6;1
01/04/2026;14:04:00;C4;204;249;260;23;3;1;1;1;0;1;0;1;1;6;1
01/04/2026;14:04:30;C4;210;189;34;49;2;1;1;1;1;1;1;1;1;8;1
01/04/2026;14:05:00;C4;356;264;117;39;1;1;0;1;0;1;1;1;1;6;1
01/04/2026;14:05:30;C4;243;219;256;47;3;1;1;1;0;1;0;1;1;6;1
01/04/2026;14:06:00;C4;237;118;154;28;3;1;1;1;1;1;1;1;1;8;1
01/04/2026;14:06:30;C4;300;226;55;65;1;1;1;1;0;1;1;1;0;6;1
01/04/2026;14:07:00;C4;145;164;32;35;3;0;1;1;1;1;1;1;1;7;1
01/04/2026;14:07:30;C4;204;296;247;28;1;1;1;1;0;1;0;1;1;6;1
01/04/2026;14:08:00;C4;128;298;239;30;3;0;1;1;0;1;0;1;1;5;0
01/04/2026;14:08:30;C4;276;151;146;52;3;1;1;1;1;1;1;1;1;8;1
01/04/2026;14:09:00;C4;395;127;123;24;2;1;0;1;1;1;1;1;1;7;1
01/04/2026;14:09:30;C4;296;122;171;13;1;1;1;1;1;1;1;1;1;8;1
01/04/2026;14:10:00;C4;248;189;221;27;3;1;1;1;1;1;0;1;1;7;1
01/04/2026;14:10:30;C4;348;216;204;59;2;1;0;1;0;1;0;1;1;5;0
01/04/2026;14:11:00;C4;131;199;127;34;1;0;1;1;1;1;1;1;1;7;1
01/04/2026;14:11:30;C4;166;280;96;23;3;1;1;1;0;1;1;1;1;7;1
01/04/2026;14:12:00;C4;392;97;107;46;2;1;0;1;1;1;1;1;1;7;1
01/04/2026;14:12:30;C4;374;115;99;5;2;1;0;1;1;1;1;1;1;7;1
01/04/2026;14:13:00;C4;189;197;191;60;1;1;1;1;1;1;1;1;1;8;1
01/04/2026;14:13:30;C4;166;208;145;50;3;1;1;1;0;1;1;1;1;7;1
01/04/2026;14:14:00;C4;303;138;276;10;3;1;1;1;1;1;0;1;1;7;1
01/04/2026;14:14:30;C4;160;133;38;56;2;1;1;1;1;1;1;1;1;8;1
01/04/2026;14:15:00;C4;311;152;16;57;3;1;1;1;1;0;1;1;1;7;1
01/04/2026;14:15:30;C4;196;150;102;64;3;1;1;1;1;1;1;1;0;7;1
01/04/2026;14:16:00;C4;214;99;156;9;3;1;1;1;1;1;1;1;1;8;1
01/04/2026;14:16:30;C4;308;238;107;52;3;1;1;1;0;1;1;1;1;7;1
01/04/2026;14:17:00;C4;372;189;17;37;3;1;0;1;1;0;1;1;1;6;1
01/04/2026;14:17:30;C4;256;81;36;59;1;1;1;1;1;1;1;1;1;8;1
01/04/2026;14:18:00;C4;248;160;138;12;1;1;1;1;1;1;1;1;1;8;1
01/04/2026;14:18:30;C4;138;117;95;9;1;0;1;1;1;1;1;1;1;7;1
01/04/2026;14:19:00;C4;285;186;129;51;3;1;1;1;1;1;1;1;1;8;1
01/04/2026;14:19:30;C4;171;142;220;34;3;1;1;1;1;1;0;1;1;7;1
01/04/2026;14:20:00;C4;328;256;254;57;2;1;0;1;0;1;0;1;1;5;0
01/04/2026;14:20:30;C4;143;102;177;51;1;0;1;1;1;1;1;1;1;7;1
01/04/2026;14:21:00;C4;232;54;217;39;1;1;1;1;1;1;0;1;1;7;1
01/04/2026;14:21:30;C4;328;117;267;36;3;1;0;1;1;1;0;1;1;6;1
01/04/2026;14:22:00;C4;256;250;59;54;1;1;1;1;0;1;1;1;1;7;1
01/04/2026;14:22:30;C4;165;150;218;43;1;1;1;1;1;1;0;1;1;7;1
01/04/2026;14:23:00;C4;308;286;102;42;3;1;1;1;0;1;1;1;1;7;1
01/04/2026;14:23:30;C4;398;218;96;3;1;1;0;1;0;1;1;0;1;5;0
01/04/2026;14:24:00;C4;146;103;141;67;1;0;1;1;1;1;1;1;0;6;1
01/04/2026;14:24:30;C4;379;184;90;3;1;1;0;1;1;1;1;0;1;6;1
01/04/2026;14:25:00;C4;246;251;19;64;1;1;1;1;0;0;1;1;0;5;0
01/04/2026;14:25:30;C4;216;128;134;69;2;1;1;1;1;1;1;1;0;7;1
01/04/2026;14:26:00;C4;170;218;108;24;1;1;1;1;0;1;1;1;1;7;1
01/04/2026;14:26:30;C4;299;121;155;10;3;1;1;1;1;1;1;1;1;8;1
01/04/2026;14:27:00;C4;194;119;116;60;1;1;1;1;1;1;1;1;1;8;1
01/04/2026;14:27:30;C4;203;50;216;10;1;1;1;1;1;1;0;1;1;7;1
01/04/2026;14:28:00;C4;137;259;154;57;3;0;1;1;0;1;1;1;1;6;1
01/04/2026;14:28:30;C4;379;216;143;25;2;1;0;1;0;1;1;1;1;6;1
01/04/2026;14:29:00;C4;146;198;223;3;1;0;1;1;1;1;0;0;1;5;0
01/04/2026;14:29:30;C4;221;63;268;58;3;1;1;1;1;1;0;1;1;7;1
01/04/2026;14:30:00;C4;280;225;147;2;3;1;1;1;0;1;1;0;1;6;1
01/04/2026;14:30:30;C4;234;108;74;8;2;1;1;1;1;1;1;1;1;8;1
01/04/2026;14:31:00;C4;335;82;198;60;1;1;0;1;1;1;1;1;1;7;1
01/04/2026;14:31:30;C4;345;112;25;17;2;1;0;1;1;0;1;1;1;6;1
01/04/2026;14:32:00;C4;231;299;130;63;2;1;1;1;0;1;1;1;0;6;1
01/04/2026;14:32:30;C4;389;71;94;31;3;1;0;1;1;1;1;1;1;7;1
01/04/2026;14:33:00;C4;292;119;45;48;2;1;1;1;1;1;1;1;1;8;1
01/04/2026;14:33:30;C4;301;215;184;68;3;1;1;1;0;1;1;1;0;6;1
01/04/2026;14:34:00;C4;141;155;220;67;2;0;1;1;1;1;0;1;0;5;0
01/04/2026;14:34:30;C4;205;68;193;31;1;1;1;1;1;1;1;1;1;8;1
01/04/2026;14:35:00;C4;287;195;73;22;3;1;1;1;1;1;1;1;1;8;1
01/04/2026;14:35:30;C4;293;274;201;63;3;1;1;1;0;1;0;1;0;5;0
01/04/2026;14:36:00;C4;349;50;289;16;2;1;0;1;1;1;0;1;1;6;1
01/04/2026;14:36:30;C4;296;220;128;63;1;1;1;1;0;1;1;1;0;6;1
01/04/2026;14:37:00;C4;352;210;20;70;1;1;0;1;0;0;1;1;0;4;0
01/04/2026;14:37:30;C4;144;290;27;58;3;0;1;1;0;0;1;1;1;5;0
01/04/2026;14:38:00;C4;301;244;235;9;3;1;1;1;0;1;0;1;1;6;1
01/04/2026;14:38:30;C4;306;82;19;1;3;1;1;1;1;0;1;0;1;6;1
01/04/2026;14:39:00;C4;283;202;56;59;2;1;1;1;0;1;1;1;1;7;1
01/04/2026;14:39:30;C4;397;74;136;16;1;1;0;1;1;1;1;1;1;7;1
01/04/2026;14:40:00;C4;312;205;53;28;2;1;1;1;0;1;1;1;1;7;1
01/04/2026;14:40:30;C4;341;296;253;19;1;1;0;1;0;1;0;1;1;5;0
01/04/2026;14:41:00;C4;377;128;15;56;1;1;0;1;1;0;1;1;1;6;1
01/04/2026;14:41:30;C4;135;247;129;28;1;0;1;1;0;1;1;1;1;6;1
01/04/2026;14:42:00;C4;213;142;78;65;3;1;1;1;1;1;1;1;0;7;1
01/04/2026;14:42:30;C4;367;160;16;50;3;1;0;1;1;0;1;1;1;6;1
01/04/2026;14:43:00;C4;225;271;71;67;3;1;1;1;0;1;1;1;0;6;1
01/04/2026;14:43:30;C4;357;170;20;55;3;1;0;1;1;0;1;1;1;6;1
01/04/2026;14:44:00;C4;204;201;49;54;3;1;1;1;0;1;1;1;1;7;1
01/04/2026;14:44:30;C4;334;150;172;23;3;1;0;1;1;1;1;1;1;7;1
01/04/2026;14:45:00;C4;177;265;239;31;1;1;1;1;0;1;0;1;1;6;1
01/04/2026;14:45:30;C4;317;53;95;57;2;1;1;1;1;1;1;1;1;8;1
01/04/2026;14:46:00;C4;240;113;252;69;2;1;1;1;1;1;0;1;0;6;1
01/04/2026;14:46:30;C4;320;162;258;34;1;1;1;1;1;1;0;1;1;7;1
01/04/2026;14:47:00;C4;396;174;153;26;2;1;0;1;1;1;1;1;1;7;1
01/04/2026;14:47:30;C4;264;252;272;25;1;1;1;1;0;1;0;1;1;6;1
01/04/2026;14:48:00;C4;221;140;217;47;1;1;1;1;1;1;0;1;1;7;1
01/04/2026;14:48:30;C4;226;160;90;46;3;1;1;1;1;1;1;1;1;8;1
01/04/2026;14:49:00;C4;163;73;80;7;2;1;1;1;1;1;1;1;1;8;1
01/04/2026;14:49:30;C4;134;65;282;6;3;0;1;1;1;1;0;1;1;6;1
01/04/2026;14:50:00;C4;136;198;137;9;2;0;1;1;1;1;1;1;1;7;1
01/04/2026;14:50:30;C4;218;64;206;14;1;1;1;1;1;1;0;1;1;7;1
01/04/2026;14:51:00;C4;355;216;154;29;1;1;0;1;0;1;1;1;1;6;1
01/04/2026;14:51:30;C4;379;92;238;48;1;1;0;1;1;1;0;1;1;6;1
01/04/2026;14:52:00;C4;285;285;204;6;1;1;1;1;0;1;0;1;1;6;1
01/04/2026;14:52:30;C4;186;268;99;9;1;1;1;1;0;1;1;1;1;7;1
01/04/2026;14:53:00;C4;372;289;13;45;2;1;0;1;0;0;1;1;1;5;0
01/04/2026;14:53:30;C4;367;99;296;37;2;1;0;1;1;1;0;1;1;6;1
01/04/2026;14:54:00;C4;381;280;247;17;1;1;0;1;0;1;0;1;1;5;0
01/04/2026;14:54:30;C4;342;168;63;56;3;1;0;1;1;1;1;1;1;7;1
01/04/2026;14:55:00;C4;145;261;298;34;3;0;1;1;0;1;0;1;1;5;0
01/04/2026;14:55:30;C4;167;292;296;35;1;1;1;1;0;1;0;1;1;6;1
01/04/2026;14:56:00;C4;283;183;41;70;2;1;1;1;1;1;1;1;0;7;1
01/04/2026;14:56:30;C4;276;254;198;52;3;1;1;1;0;1;1;1;1;7;1
01/04/2026;14:57:00;C4;209;165;25;47;1;1;1;1;1;0;1;1;1;7;1
01/04/2026;14:57:30;C4;151;128;173;3;2;0;1;1;1;1;1;0;1;6;1
01/04/2026;14:58:00;C4;360;231;228;42;2;1;0;1;0;1;0;1;1;5;0
01/04/2026;14:58:30;C4;183;66;154;29;2;1;1;1;1;1;1;1;1;8;1
01/04/2026;14:59:00;C4;398;157;288;11;1;1;0;1;1;1;0;1;1;6;1
01/04/2026;14:59:30;C4;245;198;201;49;1;1;1;1;1;1;0;1;1;7;1
01/04/2026;15:00:00;C4;265;141;22;42;2;1;1;1;1;0;1;1;1;7;1
01/04/2026;15:00:30;C4;151;84;271;9;3;0;1;1;1;1;0;1;1;6;1
01/04/2026;15:01:00;C5;129;71;206;18;3;0;1;1;1;1;0;1;1;6;1
01/04/2026;15:01:30;C5;237;236;89;63;1;1;1;1;0;1;1;1;0;6;1
01/04/2026;15:02:00;C5;370;89;224;65;2;1;0;1;1;1;0;1;0;5;0
01/04/2026;15:02:30;C5;379;104;273;18;3;1;0;1;1;1;0;1;1;6;1
01/04/2026;15:03:00;C5;170;50;79;3;3;1;1;1;1;1;1;0;1;7;1
01/04/2026;15:03:30;C5;389;107;199;11;2;1;0;1;1;1;1;1;1;7;1
01/04/2026;15:04:00;C5;387;161;23;22;2;1;0;1;1;0;1;1;1;6;1
01/04/2026;15:04:30;C5;165;98;66;33;3;1;1;1;1;1;1;1;1;8;1
01/04/2026;15:05:00;C5;308;223;242;30;2;1;1;1;0;1;0;1;1;6;1
01/04/2026;15:05:30;C5;225;241;87;14;2;1;1;1;0;1;1;1;1;7;1
01/04/2026;15:06:00;C5;179;185;43;53;3;1;1;1;1;1;1;1;1;8;1
01/04/2026;15:06:30;C5;204;178;13;11;1;1;1;1;1;0;1;1;1;7;1
01/04/2026;15:07:00;C5;314;166;176;57;1;1;1;1;1;1;1;1;1;8;1
01/04/2026;15:07:30;C5;286;84;89;65;1;1;1;1;1;1;1;1;0;7;1
01/04/2026;15:08:00;C5;276;196;39;45;1;1;1;1;1;1;1;1;1;8;1
01/04/2026;15:08:30;C5;189;84;250;34;3;1;1;1;1;1;0;1;1;7;1
01/04/2026;15:09:00;C5;298;82;125;43;3;1;1;1;1;1;1;1;1;8;1
01/04/2026;15:09:30;C5;124;260;229;23;3;0;1;1;0;1;0;1;1;5;0
01/04/2026;15:10:00;C5;214;285;243;42;3;1;1;1;0;1;0;1;1;6;1
01/04/2026;15:10:30;C5;300;210;41;43;3;1;1;1;0;1;1;1;1;7;1
01/04/2026;15:11:00;C5;309;127;260;28;2;1;1;1;1;1;0;1;1;7;1
01/04/2026;15:11:30;C5;381;56;27;23;3;1;0;1;1;0;1;1;1;6;1
01/04/2026;15:12:00;C5;248;270;112;3;1;1;1;1;0;1;1;0;1;6;1
01/04/2026;15:12:30;C5;258;153;295;7;1;1;1;1;1;1;0;1;1;7;1
01/04/2026;15:13:00;C5;292;78;17;37;3;1;1;1;1;0;1;1;1;7;1
01/04/2026;15:13:30;C5;238;163;157;55;2;1;1;1;1;1;1;1;1;8;1
01/04/2026;15:14:00;C5;227;161;219;7;3;1;1;1;1;1;0;1;1;7;1
01/04/2026;15:14:30;C5;304;287;87;49;3;1;1;1;0;1;1;1;1;7;1
01/04/2026;15:15:00;C5;194;277;162;1;2;1;1;1;0;1;1;0;1;6;1
01/04/2026;15:15:30;C5;196;82;161;58;2;1;1;1;1;1;1;1;1;8;1
01/04/2026;15:16:00;C5;164;296;216;68;1;1;1;1;0;1;0;1;0;5;0
01/04/2026;15:16:30;C5;381;191;250;65;1;1;0;1;1;1;0;1;0;5;0
01/04/2026;15:17:00;C5;342;208;189;43;3;1;0;1;0;1;1;1;1;6;1
01/04/2026;15:17:30;C5;254;97;166;49;1;1;1;1;1;1;1;1;1;8;1
01/04/2026;15:18:00;C5;355;273;25;23;3;1;0;1;0;0;1;1;1;5;0
01/04/2026;15:18:30;C5;202;260;297;49;1;1;1;1;0;1;0;1;1;6;1
01/04/2026;15:19:00;C5;121;219;244;25;2;0;1;1;0;1;0;1;1;5;0
01/04/2026;15:19:30;C5;172;141;237;10;3;1;1;1;1;1;0;1;1;7;1
01/04/2026;15:20:00;C5;373;239;72;60;1;1;0;1;0;1;1;1;1;6;1
01/04/2026;15:20:30;C5;363;71;216;53;3;1;0;1;1;1;0;1;1;6;1
01/04/2026;15:21:00;C5;394;265;63;13;1;1;0;1;0;1;1;1;1;6;1
01/04/2026;15:21:30;C5;334;212;30;58;1;1;0;1;0;1;1;1;1;6;1
01/04/2026;15:22:00;C5;168;158;163;65;1;1;1;1;1;1;1;1;0;7;1
01/04/2026;15:22:30;C5;209;199;182;35;3;1;1;1;1;1;1;1;1;8;1
01/04/2026;15:23:00;C5;126;172;17;30;2;0;1;1;1;0;1;1;1;6;1
01/04/2026;15:23:30;C5;210;267;260;17;1;1;1;1;0;1;0;1;1;6;1
01/04/2026;15:24:00;C5;296;52;224;70;1;1;1;1;1;1;0;1;0;6;1
01/04/2026;15:24:30;C5;363;178;109;54;3;1;0;1;1;1;1;1;1;7;1
01/04/2026;15:25:00;C5;276;118;246;16;1;1;1;1;1;1;0;1;1;7;1
01/04/2026;15:25:30;C5;239;250;92;23;2;1;1;1;0;1;1;1;1;7;1
01/04/2026;15:26:00;C5;265;222;269;38;3;1;1;1;0;1;0;1;1;6;1
01/04/2026;15:26:30;C5;311;208;154;12;1;1;1;1;0;1;1;1;1;7;1
01/04/2026;15:27:00;C5;350;296;275;5;2;1;0;1;0;1;0;1;1;5;0
01/04/2026;15:27:30;C5;288;64;281;34;3;1;1;1;1;1;0;1;1;7;1
01/04/2026;15:28:00;C5;207;81;245;19;3;1;1;1;1;1;0;1;1;7;1
01/04/2026;15:28:30;C5;146;169;177;32;2;0;1;1;1;1;1;1;1;7;1
01/04/2026;15:29:00;C5;134;272;86;33;3;0;1;1;0;1;1;1;1;6;1
01/04/2026;15:29:30;C5;275;71;152;46;1;1;1;1;1;1;1;1;1;8;1
01/04/2026;15:30:00;C5;143;128;213;64;3;0;1;1;1;1;0;1;0;5;0
01/04/2026;15:30:30;C5;154;101;220;44;1;0;1;1;1;1;0;1;1;6;1
01/04/2026;15:31:00;C5;164;57;150;55;3;1;1;1;1;1;1;1;1;8;1
01/04/2026;15:31:30;C5;272;300;37;29;1;1;1;1;0;1;1;1;1;7;1
01/04/2026;15:32:00;C5;200;203;203;70;3;1;1;1;0;1;0;1;0;5;0
01/04/2026;15:32:30;C5;259;131;251;35;3;1;1;1;1;1;0;1;1;7;1
01/04/2026;15:33:00;C5;316;244;234;4;1;1;1;1;0;1;0;0;1;5;0
01/04/2026;15:33:30;C5;216;220;225;24;3;1;1;1;0;1;0;1;1;6;1
01/04/2026;15:34:00;C5;389;88;202;23;2;1;0;1;1;1;0;1;1;6;1
01/04/2026;15:34:30;C5;177;216;14;28;1;1;1;1;0;0;1;1;1;6;1
01/04/2026;15:35:00;C5;398;169;153;45;3;1;0;1;1;1;1;1;1;7;1
01/04/2026;15:35:30;C5;313;97;250;36;3;1;1;1;1;1;0;1;1;7;1
01/04/2026;15:36:00;C5;374;103;126;60;1;1;0;1;1;1;1;1;1;7;1
01/04/2026;15:36:30;C5;303;128;152;42;1;1;1;1;1;1;1;1;1;8;1
01/04/2026;15:37:00;C5;180;108;260;21;2;1;1;1;1;1;0;1;1;7;1
01/04/2026;15:37:30;C5;157;293;66;32;3;0;1;1;0;1;1;1;1;6;1
01/04/2026;15:38:00;C5;297;108;41;40;3;1;1;1;1;1;1;1;1;8;1
01/04/2026;15:38:30;C5;190;294;45;51;1;1;1;1;0;1;1;1;1;7;1
01/04/2026;15:39:00;C5;345;63;148;63;3;1;0;1;1;1;1;1;0;6;1
01/04/2026;15:39:30;C5;368;257;50;54;1;1;0;1;0;1;1;1;1;6;1
01/04/2026;15:40:00;C5;159;231;230;68;3;0;1;1;0;1;0;1;0;4;0
01/04/2026;15:40:30;C5;278;188;115;50;3;1;1;1;1;1;1;1;1;8;1
01/04/2026;15:41:00;C5;357;76;185;29;2;1;0;1;1;1;1;1;1;7;1
01/04/2026;15:41:30;C5;340;223;154;40;2;1;0;1;0;1;1;1;1;6;1
01/04/2026;15:42:00;C5;269;214;213;27;2;1;1;1;0;1;0;1;1;6;1
01/04/2026;15:42:30;C5;297;276;249;6;1;1;1;1;0;1;0;1;1;6;1
01/04/2026;15:43:00;C5;336;70;116;21;1;1;0;1;1;1;1;1;1;7;1
01/04/2026;15:43:30;C5;195;289;250;49;1;1;1;1;0;1;0;1;1;6;1
01/04/2026;15:44:00;C5;124;139;209;46;1;0;1;1;1;1;0;1;1;6;1
01/04/2026;15:44:30;C5;313;202;167;53;1;1;1;1;0;1;1;1;1;7;1
01/04/2026;15:45:00;C5;367;125;26;34;3;1;0;1;1;0;1;1;1;6;1
01/04/2026;15:45:30;C5;266;155;196;64;1;1;1;1;1;1;1;1;0;7;1
01/04/2026;15:46:00;C5;189;282;167;3;2;1;1;1;0;1;1;0;1;6;1
01/04/2026;15:46:30;C5;353;264;140;6;1;1;0;1;0;1;1;1;1;6;1
01/04/2026;15:47:00;C5;389;111;220;28;2;1;0;1;1;1;0;1;1;6;1
01/04/2026;15:47:30;C5;199;112;268;58;1;1;1;1;1;1;0;1;1;7;1
01/04/2026;15:48:00;C5;218;91;268;36;1;1;1;1;1;1;0;1;1;7;1
01/04/2026;15:48:30;C5;154;254;263;60;3;0;1;1;0;1;0;1;1;5;0
01/04/2026;15:49:00;C5;219;74;132;22;3;1;1;1;1;1;1;1;1;8;1
01/04/2026;15:49:30;C5;250;253;240;51;1;1;1;1;0;1;0;1;1;6;1
01/04/2026;15:50:00;C5;393;196;12;62;2;1;0;1;1;0;1;1;0;5;0
01/04/2026;15:50:30;C5;165;227;193;3;1;1;1;1;0;1;1;0;1;6;1
01/04/2026;15:51:00;C5;144;94;103;46;2;0;1;1;1;1;1;1;1;7;1
01/04/2026;15:51:30;C5;167;241;30;62;1;1;1;1;0;1;1;1;0;6;1
01/04/2026;15:52:00;C5;269;175;221;62;3;1;1;1;1;1;0;1;0;6;1
01/04/2026;15:52:30;C5;137;201;213;50;3;0;1;1;0;1;0;1;1;5;0
01/04/2026;15:53:00;C5;285;292;248;2;1;1;1;1;0;1;0;0;1;5;0
01/04/2026;15:53:30;C5;265;292;65;43;2;1;1;1;0;1;1;1;1;7;1
01/04/2026;15:54:00;C5;373;282;256;36;1;1;0;1;0;1;0;1;1;5;0
01/04/2026;15:54:30;C5;332;136;185;60;2;1;0;1;1;1;1;1;1;7;1
01/04/2026;15:55:00;C5;384;84;95;58;2;1;0;1;1;1;1;1;1;7;1
01/04/2026;15:55:30;C5;142;158;29;46;3;0;1;1;1;0;1;1;1;6;1
01/04/2026;15:56:00;C5;399;84;209;65;2;1;0;1;1;1;0;1;0;5;0
01/04/2026;15:56:30;C5;156;167;54;55;3;0;1;1;1;1;1;1;1;7;1
01/04/2026;15:57:00;C5;181;107;285;49;2;1;1;1;1;1;0;1;1;7;1
01/04/2026;15:57:30;C5;285;176;120;40;2;1;1;1;1;1;1;1;1;8;1
01/04/2026;15:58:00;C5;255;260;300;29;1;1;1;1;0;1;0;1;1;6;1
01/04/2026;15:58:30;C5;284;188;121;22;2;1;1;1;1;1;1;1;1;8;1
01/04/2026;15:59:00;C5;364;191;70;60;1;1;0;1;1;1;1;1;1;7;1
01/04/2026;15:59:30;C5;229;152;139;37;2;1;1;1;1;1;1;1;1;8;1
01/04/2026;16:00:00;C5;329;66;192;12;1;1;0;1;1;1;1;1;1;7;1
